text,createdAt,author/userName,author/followers,url,likeCount,replyCount,retweetCount,quoteCount,bookmarkCount,viewCount,source
"ğŸŒŸ Â¡VENTILADOR DE TECHO MODERNO DE 42"" CON CONTROL REMOTO! ğŸŒ¬âœ¨  

MercadoLibre: Ventilador De Techo Modernos De 42 Pulgadas, Ventilador De Techo Con Luz Led Y Control Remoto, Lampara Ventilador Silencioso De 5 Aspas Para Interior/exterior Con 3cct+6 Velocidades

ğŸ‘‰Enlace: â€¦ https://t.co/OeCedsiVHQ",2025-08-23 05:50:54+00:00,OfertonesMex,5423,https://x.com/OfertonesMex/status/1959131210094891137,0,0,0,0,0,2.0,IFTTT
"La Casa de Los Famosos MÃ©xico estÃ¡ tan aburrida y generan tan poco contenido los habitantes que ya es la TERCERA VEZ que pasan en las galas que Abelito ganÃ³ un viaje gracias a la dinÃ¡mica del presupuesto patrocinada por MercadoLibre, dos ayer y una hoy. https://t.co/pksYkyJ3DX",2025-08-23 05:11:20+00:00,ShakiMex,12,https://x.com/ShakiMex/status/1959121254641815726,1,0,0,0,0,262.0,Twitter for iPhone
Duda genuina @amazonmex y @Mercadolibre ... Que hacen con las fotos que nos toman cuando recibimos un paquete?? Reir??,2025-08-23 02:54:14+00:00,Reclu_Gaby,304,https://x.com/Reclu_Gaby/status/1959086750929649782,0,0,0,0,0,25.0,Twitter for Android
Ei @Mercadolibre Num seria bacana respeitar consumidor e exisgir que seus vendedores cumpram suas obrigaÃ§Ãµes? Consumidor sendo lesado e vocÃªs batendo palma e fechando os olhos.,2025-08-23 01:28:31+00:00,soesleicoutinho,956,https://x.com/soesleicoutinho/status/1959065181398405199,0,0,0,0,0,5.0,Twitter for Android
"Chicos no pidan delivery en mercadopago, espere ""eternamente"" y jamÃ¡s llegÃ³ y ni compensaciÃ³n hubo, aguante pedidosya o rÃ¡ppi. Sigue en hilo. @mercadopago @ML_Argentina @Mercadolibre https://t.co/SCbNtubrAA",2025-08-23 01:00:12+00:00,JuliT88,24,https://x.com/JuliT88/status/1959058056521949576,0,2,0,0,0,40.0,Twitter for Android
"Como se nota que nunca laburaron en algo que usan MercadoLibre y que tengas que escribir 383749274 mensajes alternando entre meli, ml y mercadolibre. Tienen tiempo al pedo, toquen pasto un cacho mira la pelotudez que se fijan",2025-08-23 02:55:53+00:00,dummieraccoonie,10,https://x.com/dummieraccoonie/status/1959087167252095198,0,0,0,0,0,16.0,Twitter for iPhone
"ğŸ“± Â¡OFERTA IMPERDIBLE! MOTO WATCH 120 A MOLET 1.43 CON BLUETOOTH Y GPS ğŸš€ğŸŒŸ
MercadoLibre: Moto Watch 120 Pantalla Amoled 1.43,bluetooth Llamadas, Bt5.3, Asistente De Gps, Compatible Con Android/ios, Phantom Black

ğŸ‘‰Enlace: https://t.co/8TIjOe0wRt

32% OFF
ğŸ”¥Precio Oferta: $1,4â€¦ https://t.co/c7G10gy5JW",2025-08-23 05:20:30+00:00,OfertonesMex,5423,https://x.com/OfertonesMex/status/1959123559621579241,0,0,0,0,0,27.0,IFTTT
"@gladiadormerval Si, todos los dÃ­as entro a MercadoLibre a comprar una AK47 o un hÃ­gado y nada todavÃ­a...",2025-08-23 01:36:45+00:00,DamianSarkez,778,https://x.com/DamianSarkez/status/1959067254848377103,2,0,0,0,0,44.0,Twitter for iPhone
"Â¿Necesitas el Mapa de Carretera Austral en papel? ğŸ˜‰ğŸ‘ŒğŸ»
AcÃ¡ tienes la muy recomendable versiÃ³n de Copec ğŸ‘‡
https://t.co/7pwF6S7e0P",2025-08-23 00:30:02+00:00,ca_austral,19359,https://x.com/ca_austral/status/1959050462776131700,2,0,0,0,0,225.0,Twitter Web App
"MercadoLibre: Les Males Le Male EDT 200ml para hombreâœ…CON CUPÃ“Nâœ…

ğŸ‘‰Ver Oferta: https://t.co/4TZDLDjdVj

âœ…CupÃ³n de 15% del vendedor, siguiendo la tienda ""Amora Beauty Market""

ğŸ”¥Precio Oferta + CupÃ³n: $1,595
ğŸ”¥Precio Oferta: $1,877

âš¡ï¸Unete a nuestros otros grupos:
â€¦ https://t.co/OmJTZOu0eW",2025-08-23 02:50:26+00:00,OfertonesMex,5423,https://x.com/OfertonesMex/status/1959085796352270573,0,0,0,0,0,51.0,IFTTT
"âœ¨ TRANSFORMA TU ESPACIO CON PANEL DECORATIVO 3D PVC ğŸ‰âœ¨
MercadoLibre: Paneles Decorativos 3d De Pvc Para Paredes, 30x30 Cm 16 Pcs

ğŸ‘‰Link: https://t.co/YqpwaV7p4B

34% OFF
ğŸ”¥Precio Oferta: $172,74
Precio Anterior: $264

âš¡ï¸Unete a nuestros otros grupos:
https://t.co/hDwlFEz4oKâ€¦ https://t.co/8KeNhZKWYn",2025-08-23 01:50:54+00:00,OfertonesMex,5423,https://x.com/OfertonesMex/status/1959070815267279223,0,0,0,0,0,38.0,IFTTT
"https://t.co/cXCWyDIJh6
La mejor croqueta para  golden retriever.

#ElbÃºhoanalista https://t.co/dBFkupnO8Q",2025-08-23 03:08:46+00:00,ELBUHOANALISTA,113737,https://x.com/ELBUHOANALISTA/status/1959090408534728882,1,0,0,0,0,143.0,Twitter for Android
"â—OFERTASâ— Beyond Vitamins | Magnesio Complex | Citrato De Magnesio Polvo, Glicinato De Magnesio, Gluconato De Magnesio Y Ã“xido De Ma...

$189 - â—31% DE DESCUENTOâ—

Compra aquÃ­:
https://t.co/qHMKaR2Lb9

#Ofertas #Descuentos #MercadoLibre #Articulos #Liquidaciones https://t.co/hjiMz5f6c3",2025-08-23 04:43:34+00:00,pacoo_motta,124,https://x.com/pacoo_motta/status/1959114267581378734,0,0,0,0,0,1.0,Twitter Web App
"ğŸ›ï¸ Mercado Libre: Calefactor Calentador Electrico Cuarzo Compacto 2 Niveles

ğŸ‘‰ğŸ½ Ver: https://t.co/xqKNxiQufE
ğŸ” O bÃºscalo con este ID: OFEMEX-YQZ7

ğŸŸ¢ Precio Actual: $238 (-55%) ğŸ”´ Precio de lista: $530
ğŸ’³ Hasta 3 meses sin intereses de $79.33

#ofertadeldia #mercadolibre #ofertasdemexico",2025-08-23 01:45:04+00:00,OfertasMexico2,575,https://x.com/OfertasMexico2/status/1959069344664523108,0,0,0,0,0,8.0,Twitter Web App
"Â¡ILUMINA TU VIDA CON 4 FOCO LED INTELIGENTE RGBW! ğŸŒˆğŸ’¡ğŸ”¥
MercadoLibre: 4 Foco Led Inteligente Rgbcw Wifi 9w Ajustable Multicolor LapureteÂ´s

ğŸ‘‰Link: https://t.co/TkJIlfUrXu

51% OFF
ğŸ”¥Precio Oferta: $190,27
Precio Anterior: $396

âš¡ï¸Unete a nuestros otros grupos:
â€¦ https://t.co/TXoHut5Ugw",2025-08-23 04:50:49+00:00,OfertonesMex,5423,https://x.com/OfertonesMex/status/1959116089968783646,0,0,0,0,0,35.0,IFTTT
"â—MAS VENDIDOS EN COMEDORESâ— Set Comedor Mundo In Cristal Con 4 Sillas Eames Redondo 80cm De Polipropileno Color Gris

$2,689 - â—41% DE DESCUENTOâ—

Compra aquÃ­:
https://t.co/80eVqRQmD5

#Ofertas #Descuentos #MercadoLibre #Cocina #Comedor https://t.co/wvySSaK9IP",2025-08-23 04:33:09+00:00,pacoo_motta,124,https://x.com/pacoo_motta/status/1959111646166516178,0,0,0,0,0,6.0,Twitter Web App
"â—OFERTAS RELAMPAGOâ— Gel Cerave Limpiador Espumoso Piel Normal A Grasa Sin Perfume De 473 Ml DÃ­a Y Noche

$299 - â—46% DE DESCUENTOâ—

Compra aquÃ­:
https://t.co/g8LeHnYAGZ

#Ofertas #Descuentos #MercadoLibre #OfertasRelampago https://t.co/9zqb2fbinN",2025-08-23 03:06:48+00:00,pacoo_motta,124,https://x.com/pacoo_motta/status/1959089915624374274,0,0,0,0,0,9.0,Twitter Web App
"Â¡TRANSFORMA TU ESPACIO CON PANEL DECORATIVO 3D! ğŸ âœ¨
MercadoLibre: Paneles Decorativos 3d De Pvc Para Paredes, 30x30 Cm 16 Pcs

ğŸ‘‰Enlace: https://t.co/YqpwaV7p4B

34% OFF
ğŸ”¥Precio Oferta: $172.74
Precio Anterior: $264

âš¡ï¸Unete a nuestros otros grupos:
https://t.co/hDwlFEz4oK

#â€¦ https://t.co/RQMZR6gEnP",2025-08-23 03:35:23+00:00,OfertonesMex,5423,https://x.com/OfertonesMex/status/1959097107358286299,0,0,0,0,0,40.0,IFTTT
"ğŸ”¥ Â¡NUEVO AUTO BBURAGO RACING FERRARI 499P LMH 2024! ğŸš—ğŸ’¨
MercadoLibre: Auto Bburago Racing Ferrari 499p Lmh 2024 A Escala 1:18 Amarillo

ğŸ‘‰Ver Oferta: https://t.co/vHC3j7jGBp

52% OFF
ğŸ”¥Precio Oferta: $1,548
Precio Anterior: $3,289

âš¡ï¸Unete a nuestros otros grupos:
â€¦ https://t.co/XdPGL2YgRA",2025-08-23 01:10:38+00:00,OfertonesMex,5423,https://x.com/OfertonesMex/status/1959060681761677416,0,1,0,0,0,50.0,IFTTT
Que rata pida un par de huev***s por Mercado Libre  #DesafioDelSigloXXI https://t.co/TksVS0SrBY,2025-08-23 02:16:40+00:00,Victor_Manuel31,15,https://x.com/Victor_Manuel31/status/1959077297920569815,10,0,2,0,0,398.0,Twitter for iPhone
"Hoy tengo la ""suerte"" de decir que  a mi viejo le robaron el auto y no lo mataron. El tranquilo laburando entregando pedidos de Mercado Libre en avellaneda y viene dos basuras de mierda a cagarse en todo. Hijos de re mil re putas les tengo jurada una bala a cada uno. https://t.co/C60AqYobvI",2025-08-23 00:21:37+00:00,ShaelNahir,137,https://x.com/ShaelNahir/status/1959048344703054194,0,0,0,0,0,48.0,Twitter for Android
"Mercado libre es una mierda, solo quiero comprar unos zapatos no ser accionista en wall street https://t.co/ZPzzzzbULN",2025-08-23 05:14:11+00:00,Marthi_22,42,https://x.com/Marthi_22/status/1959121972614332775,0,0,0,0,0,3.0,Twitter for Android
"@hacheholguin @ETBsoluciones @ETB venia a buscar algo de informacion y por lo que veo en los comentarios somos varios en bogota, a mi no me cargan varias paginas unas si, otras lento y otras definitivamente no cargan, por ejemplo Mercado Libre ni carga ni google pero DuckDuckgo si carga, youtube lento.",2025-08-23 04:51:22+00:00,alexandertg2022,38,https://x.com/alexandertg2022/status/1959116230670876798,7,1,0,0,0,210.0,Twitter Web App
@ML_Mexico mi familia y yo tenemos cuentas en Mercado libre y mercado pago y ninguno podemos abrir las cuentas. Dice que intentemos mÃ¡s tarde. Incluso para hacer compras no nos abre la app.,2025-08-23 03:31:48+00:00,amymunozmayorga,55,https://x.com/amymunozmayorga/status/1959096204601532532,0,0,0,0,0,8.0,Twitter for Android
"Es increÃ­ble el tiempo que pierdo leyendo reseÃ±as de productos randoms en Mercado Libre 
Son las 1am y soy este https://t.co/ZYkvHlH6e1",2025-08-23 03:56:17+00:00,jajdkdbbabjd,7,https://x.com/jajdkdbbabjd/status/1959102366206046398,0,0,0,0,0,6.0,Twitter for Android
"Lo caros que son los envios de mercado libre compro algo por 7k y el envÃ­o me sale 6k 

@marcos_galperin la concha bien puta de tu madre baja el costo de transporte amargo puto",2025-08-23 05:01:49+00:00,elmpcn,542,https://x.com/elmpcn/status/1959118857915761010,1,0,0,0,0,19.0,Twitter for Android
@edwincal96 El Uso honorario de mercado libre https://t.co/ne3JKTEbEU,2025-08-23 02:06:29+00:00,elwarmed78,336,https://x.com/elwarmed78/status/1959074737092452397,0,0,0,0,0,8.0,Twitter for Android
No mÃ¡s venta de animales exÃ³ticos en Mercado Libre https://t.co/Zv9V8DMZ5M a travÃ©s de @Change_Mex,2025-08-23 04:47:38+00:00,Mario_Pe_Pe,122,https://x.com/Mario_Pe_Pe/status/1959115290710589647,0,0,0,0,0,3.0,Twitter Web App
Que onda Mercado Libre? 5 mails seguidos y encima mismo contenido. https://t.co/VrIPqRdpHm,2025-08-23 00:59:12+00:00,Maushiii,119,https://x.com/Maushiii/status/1959057802552647766,0,0,0,0,0,15.0,Twitter for iPhone
Amazon o Mercado Libre: dÃ³nde conviene comprar la nueva laptop de Microsoft con IA https://t.co/u33oAtNzOy https://t.co/RzMwF0jvQH,2025-08-23 03:15:42+00:00,iProfesional,90006,https://x.com/iProfesional/status/1959092156443812336,0,1,0,0,0,660.0,Echobox-X
@V6marketplace La usaba mercado libre para repartir pedidos?,2025-08-23 00:36:45+00:00,neckbessone,280,https://x.com/neckbessone/status/1959052155479851196,10,0,0,0,0,259.0,Twitter for Android
"Casanello quien cajoneo y durmiÃ³ pruebas contra Cristina
Todos los canales hablando de â€œSUPUESTOSâ€
Nadie tiene pruebas y encima a tan pocos dÃ­as de las elecciones 
Me suena a â€œvan a vender Ã³rganos por Mercado Libreâ€",2025-08-23 04:20:32+00:00,BadoWillson,5,https://x.com/BadoWillson/status/1959108468452762094,0,0,0,0,0,22.0,Twitter for iPhone
"@LaCasaFamososMx es fraude tengo tres dÃ­as queriendo usar mis 10 puntos y no me deja hacerlo, mi suscripciÃ³n estÃ¡ con mercado libre y ya lo reporte y dicen que no pueden hacer nada.",2025-08-23 05:15:27+00:00,WeberliW98900,0,https://x.com/WeberliW98900/status/1959122289636622638,0,0,0,0,0,,Twitter for Android
"ğŸ™„ Que no puedo comprar en mercado libre, hable con dos agentes y que ya mejor me dan seguimiento por correo porque tampoco le encontraron...

Comprendo que gente no me quiera, pero que una empresa no quiera mi cochino dinero... ğŸ¤·ğŸ»â€â™‚ï¸",2025-08-23 02:42:50+00:00,LuisJa_09,33,https://x.com/LuisJa_09/status/1959083882265157742,0,0,0,0,0,5.0,Twitter for Android
Agarre mercado libre este mes como si fuera pedidos ya anda a cagar q me den una comisiÃ³n de todo lo q me compre,2025-08-23 01:42:33+00:00,merlidesouzaa,161,https://x.com/merlidesouzaa/status/1959068710934659447,0,0,0,0,0,57.0,Twitter for iPhone
Lo q comprÃ© para septiembre en mercado libre estÃ¡ increÃ­ble,2025-08-23 02:28:13+00:00,Guss_Guss040603,6,https://x.com/Guss_Guss040603/status/1959080204996886785,0,0,0,0,0,18.0,Twitter for iPhone
"mi mamÃ¡ ya tiene una obsesiÃ³n con pedir por mercado libre,todos los dÃ­as llega un paquete nuevo",2025-08-23 00:43:32+00:00,andreairach26,13,https://x.com/andreairach26/status/1959053858757648593,0,0,0,0,0,12.0,Twitter for iPhone
"https://t.co/Bx5pcYdUzz

Entra en la liga de mercado libre y verÃ¡s grandes artÃ­culos como tablet galaxy y audÃ­fonos marca Huawei en venta en buenos precios!!! https://t.co/f2upsLaBe0",2025-08-23 04:00:59+00:00,JosueAlexi29562,2,https://x.com/JosueAlexi29562/status/1959103552090956057,0,0,0,0,0,7.0,Twitter for Android
Mercado Libre tiene descuentos en Levi's ahora que ya encontrÃ© jean.,2025-08-23 02:08:32+00:00,_solesandoval,552,https://x.com/_solesandoval/status/1959075251360272813,2,0,0,0,0,52.0,Twitter for Android
"Los kukas estan estalladisimos y eso que faltan 14 dias ya

Desde la venta de organos por mercado libre hasta las coimas de Karina... Que gansada seguira despues??",2025-08-23 03:22:57+00:00,CarryARG_ok,197,https://x.com/CarryARG_ok/status/1959093978499805485,0,0,0,0,0,20.0,Twitter for Android
mmm me tientas mercado libre https://t.co/zcYKgiPhPm,2025-08-23 04:13:23+00:00,shoyomaru_,233,https://x.com/shoyomaru_/status/1959106669448708185,6,2,0,0,0,92.0,Twitter Web App
Mercado libre buchon de mierda dejame borrar el historial,2025-08-23 01:47:29+00:00,th3deadrabbitt,170,https://x.com/th3deadrabbitt/status/1959069955783078116,1,1,0,0,0,35.0,Twitter for Android
Gracias mercado libre por existir,2025-08-23 04:35:34+00:00,sulxhanie,22,https://x.com/sulxhanie/status/1959112255531810839,0,0,0,0,0,11.0,Twitter for Android
"@gechardo sisi oferta y demanda, me podes explicar cÃ³mo puede ser que empresas de ahce mas de 40 aÃ±os que estan funcionando en el pais se tiene que ir o se funden? no creo que sea porque la gente compre por mercado libre eh, tiene que ser algo mas",2025-08-23 03:14:06+00:00,kkhizzzz,81,https://x.com/kkhizzzz/status/1959091752729485598,0,3,0,0,0,3.0,Twitter Web App
@corvalan__ Vos tenes alguna idea porque no me llegan las cosas que pedÃ­ por mercado libre ?,2025-08-23 00:00:40+00:00,matiasjcorvalan,666,https://x.com/matiasjcorvalan/status/1959043073629200448,0,0,0,0,0,81.0,Twitter for iPhone
@Dakaraven mercado libre sabe algo,2025-08-23 01:57:51+00:00,snxwy_00,141,https://x.com/snxwy_00/status/1959072561293070657,1,1,0,0,0,12.0,Twitter for Android
"ğŸ”¥ Mercado Libre: Les Males Le Male Edt 200ml Para Hombre

ğŸ‘‰ğŸ½ Ver: https://t.co/BmjBqUb55O ğŸ” OFEMEX-6KLE

ğŸ’¥ Precio Promo: $1,596.16
âš¡ï¸15% EXTRA, cupÃ³n solo seguidores

âœ… Precio Actual: $1,877.00 âŒ Precio de lista: $2,469.00
ğŸ’³ Hasta 3 meses sin intereses de $625.94

ğŸ¤© BonificaciÃ³n, cupÃ³n, con o sin, como seaâ€¦ Â¡no te quedes con las ganas!

#cupones #mercadolibre #ofertasdemexico",2025-08-23 01:09:56+00:00,OfertasMexico2,575,https://x.com/OfertasMexico2/status/1959060503000752415,0,0,0,0,0,159.0,Twitter Web App
@suraustralis @adnradiochile Mercado libre,2025-08-23 04:54:36+00:00,juancorrales666,681,https://x.com/juancorrales666/status/1959117044709728438,0,0,0,0,0,5.0,Twitter for Android
@Lozanne_ Pinches calcas quw venden en mercado libre para que ls ponan a su tarjeta de nomoma jajajajja vaya a la gran vergota.,2025-08-23 00:45:16+00:00,TeleVis81404869,711,https://x.com/TeleVis81404869/status/1959054295275577509,2,0,0,0,0,23.0,Twitter for Android
"@afterrchabonn Nunca escuche que le digan asi, igual no tiene sentido por que la app de pago se llama ""Mercado Pago"", no "" Mercado Libre"". Aunque a veces escucho que dicen solo ""Mercado"" y me parece una bosta tambien.",2025-08-23 03:38:35+00:00,taZeta196657,11,https://x.com/taZeta196657/status/1959097913381945472,0,0,0,0,0,31.0,Twitter for Android
@Jake_McCurdy Mercado libre,2025-08-23 04:26:27+00:00,NatalyReyn5142,9,https://x.com/NatalyReyn5142/status/1959109960635183163,1,0,0,0,0,14.0,Twitter for Android
me propuse no ir por mi pedido de mercado libre hasta que no terminara de recoger mi cuarto kkkkk,2025-08-23 00:25:00+00:00,everjuIi,16,https://x.com/everjuIi/status/1959049195114869154,0,1,0,0,0,10.0,Twitter Web App
"ğŸ›ï¸ Mercado Libre: Regadera Cuadrada BaÃ±o 20x20 Grande Con Tubo Acero Inoxidable Lluvia Alta Baja Presion Moderna Femmto

ğŸ‘‰ğŸ½ Ver: https://t.co/KuOzTbv79U
ğŸ” O bÃºscalo con este ID: OFEMEX-BA6F

ğŸŸ¢ Precio Actual: $199 (-33%) ğŸ”´ Precio de lista: $298
ğŸ’³ Hasta 3 meses sin intereses de $66.33

#ofertadeldia #mercadolibre #ofertasdemexico",2025-08-23 00:52:53+00:00,OfertasMexico2,575,https://x.com/OfertasMexico2/status/1959056212273606999,0,0,0,0,0,25.0,Twitter Web App
"ğŸ›ï¸ Mercado Libre: Maleta De Herramientas Gita Con Gran Capacidad Mochila Organizador Color Negro

ğŸ‘‰ğŸ½ Ver: https://t.co/XPjxl9AVMJ
ğŸ” O bÃºscalo con este ID: OFEMEX-HY54

ğŸŸ¢ Precio Actual: $160 (-20%) ğŸ”´ Precio de lista: $200
ğŸ’³ Hasta 3 meses sin intereses de $53.33

#masvendido #mercadolibre #ofertasdemexico",2025-08-23 00:57:39+00:00,OfertasMexico2,575,https://x.com/OfertasMexico2/status/1959057414147264953,0,0,0,0,0,10.0,Twitter Web App
@Ghostielock I'll use mercado libre!,2025-08-23 01:49:32+00:00,OwTheStove,355,https://x.com/OwTheStove/status/1959070471732789559,1,1,0,0,0,8.0,Twitter for Android
"ğŸ›ï¸ Mercado Libre: Omega 3 Premium 1000mg Suplemento Alimenticio Aceite De Pescado Como Tg Beyond Vitamins Sin Sabor Sin Rellenos - Vitaminas Mujer / Hombre - 60 CÃ¡psulas

ğŸ‘‰ğŸ½ Ver: https://t.co/xQDc6tAsM5
ğŸ” O bÃºscalo con este ID: OFEMEX-PZY0

ğŸŸ¢ Precio Actual: $339 (-30%) ğŸ”´ Precio de lista: $485
ğŸ’³ Hasta 3 meses sin intereses de $113

#masvendido #mercadolibre #ofertasdemexico",2025-08-23 03:00:07+00:00,OfertasMexico2,575,https://x.com/OfertasMexico2/status/1959088234991935577,0,0,0,0,0,15.0,Twitter Web App
"ğŸ›ï¸ Mercado Libre: 2pcs CÃ¡mara De Seguridad Anberx K1 4mp Hd VisiÃ³n Nocturna,mini CÃ¡mara Wifi 2.4ghz,cÃ¡mara De Vigilancia Audio Bidireccional,detecciÃ³n De Movimiento Con Alerta,cloud Video Recording,o-kam Pro App

ğŸ‘‰ğŸ½ Ver: https://t.co/gmHgDsbTpl
ğŸ” O bÃºscalo con este ID: OFEMEX-1KDT

ğŸŸ¢ Precio Actual: $335 (-40%) ğŸ”´ Precio de lista: $565
ğŸ’³ Hasta 3 meses sin intereses de $111.78

#masvendido #mercadolibre #ofertasdemexico",2025-08-23 00:38:25+00:00,OfertasMexico2,575,https://x.com/OfertasMexico2/status/1959052571080900624,0,0,0,0,0,42.0,Twitter Web App
"@eamestoy Foto de la cÃ©dula???
Eso te lo pide Mercado libre acÃ¡!!!",2025-08-23 00:02:01+00:00,CrisPilar51,5486,https://x.com/CrisPilar51/status/1959043412646404234,1,1,0,0,0,128.0,Twitter for Android
"â—OFERTASâ— Xiaomi Redmi Watch 5 Active Midnight Black Caja Negro Malla Negro Bisel Negro DiseÃ±o De La Malla Silicon

$599 - â—50% DE DESCUENTOâ—

Compra aquÃ­:
https://t.co/Vw4PaVS2Qt

#Ofertas #Descuentos #MercadoLibre #Articulos #liquidaciones https://t.co/JqIvCh1kyN",2025-08-23 04:44:01+00:00,pacoo_motta,124,https://x.com/pacoo_motta/status/1959114379657355268,0,0,0,0,0,6.0,Twitter Web App
"ğŸ® Â¡OFERTA IMPERDIBLE EN KIT GAMER! ğŸ–±âœ¨
MercadoLibre: Kit Gamer Teclado Y Mouse MecÃ¡nico Con Soport Starket Sk-006 Color Del Mouse Negro Color Del Teclado Negro

ğŸ‘‰Enlace: https://t.co/RBl2bsJNKx

56% OFF
ğŸ”¥Precio Oferta: $395,56
Precio Anterior: $899

âš¡ï¸Unete a nuestros otrosâ€¦ https://t.co/y9j9X76YOl",2025-08-23 05:45:28+00:00,OfertonesMex,5423,https://x.com/OfertonesMex/status/1959129845813711007,0,0,0,0,0,9.0,IFTTT
"â—OFERTAS DEL DIAâ— Mochila De Viaje, 40l Grande Capacidad, Expandible Y Antirrobo, Aprobado Por AviÃ³n 10kg Articulo Personal, Color Negro Taygeer

$518 - â—62% DE DESCUENTOâ—

Compra aquÃ­:
https://t.co/0BwiebjcaF

#Ofertas #Descuentos #MercadoLibre #OfertasDelDia https://t.co/prOLardS3D",2025-08-23 02:43:32+00:00,pacoo_motta,124,https://x.com/pacoo_motta/status/1959084061235777965,0,0,0,0,0,3.0,Twitter Web App
"â—OFERTAS EN SMARTPHONEâ— Xiaomi Pocophone Poco C75 Dual Sim Negro 8 Gb De Ram Y 256 Gb De Rom

$2,098 - â—36% DE DESCUENTOâ—

Compra aquÃ­:
https://t.co/LCgJkFMIuA

#Ofertas #Descuentos #MercadoLibre #SmartPhone #Celular #Cubot #Xiaomi #Samsung https://t.co/Thmo2DoCMh",2025-08-23 02:29:59+00:00,pacoo_motta,124,https://x.com/pacoo_motta/status/1959080650268357021,0,0,0,0,0,12.0,Twitter Web App
"â—OFERTAS RELAMPAGOâ— Espejo Luz Led Touch Pared Tocador BaÃ±o Vestidor 3 Luces

$379 - â—52% DE DESCUENTOâ—

Compra aquÃ­:
https://t.co/LwHCU5U6pl

#Ofertas #Descuentos #MercadoLibre #OfertasRelampago https://t.co/uRqp0rIdHt",2025-08-23 03:06:19+00:00,pacoo_motta,124,https://x.com/pacoo_motta/status/1959089794639597775,0,0,0,0,0,9.0,Twitter Web App
"â—OFERTAS RELAMPAGOâ— Bagada Mesablanca120 Mesa De Exterior De Acero Color Blanco

$595 - â—30% DE DESCUENTOâ—

Compra aquÃ­:
https://t.co/b9rbHiPXDQ

#Ofertas #Descuentos #MercadoLibre #OfertasRelampago https://t.co/zgW5aAHMQE",2025-08-23 03:09:19+00:00,pacoo_motta,124,https://x.com/pacoo_motta/status/1959090549618622930,0,0,0,0,0,7.0,Twitter Web App
"ÃšLTIMAS HORAS!! Estos adidas tienen 30% de descuento en varias tallas y son vendidos por tienda oficial!! 

Enlace: https://t.co/KvVPTJnIym https://t.co/EHvrpnvRdr",2025-08-23 04:20:31+00:00,home_and_health,1749,https://x.com/home_and_health/status/1959108464686346362,0,0,0,0,0,48.0,IFTTT
"MicrÃ³fono inalÃ¡mbrico Lavalier CancelaciÃ³n de Ruido Excepcional de alta duraciÃ³n

DE $749 A $299ğŸ”¥ğŸ”¥ğŸ”¥
6 MESES SIN INTERESES DISPONIBLES

ğŸ“¦  https://t.co/B64JVmBfP6

ğŸ“¢ Visita nuestro sitio
https://t.co/mRRrAAZu66

âœ… Checa mis recomendaciones
https://t.co/VxYQRrte1X https://t.co/kUPh3X4h6e",2025-08-23 04:11:50+00:00,Ofertas_LineaMx,1521,https://x.com/Ofertas_LineaMx/status/1959106283065270718,0,0,0,0,0,27.0,Twitter for Android
"ÃšLTIMA HORA!! Para la calucha en el espacio del setup, tiene mÃ¡s del 50% de descuento y 3 MSI por su tienda oficial!!

Enlace: https://t.co/meLdYXDg4h https://t.co/2DB99F5gne",2025-08-23 01:55:18+00:00,home_and_health,1749,https://x.com/home_and_health/status/1959071919459717612,1,0,0,0,0,55.0,IFTTT
"Â¡NECESER MALETÃN DE CUERO NEGRO! ğŸ‘œâœ¨ ORGANIZA TU VIAJE CON ESTILO
MercadoLibre: Neceser Maletin De Cuero Cosmetiquera Organizador Arte Viaje Color Negro DiseÃ±o De La Tela Lisa

ğŸ‘‰Enlace: https://t.co/yGUeCtTMCM

30% OFF
ğŸ”¥Precio Oferta: $699,30
Precio Anterior: $999

âš¡ï¸Unete aâ€¦ https://t.co/yQCTZUq5Le",2025-08-23 05:35:49+00:00,OfertonesMex,5423,https://x.com/OfertonesMex/status/1959127415562637371,0,0,0,0,0,39.0,IFTTT
"CONSOLA NINTENDO SWITCH 2 256GB + MARIO KART ğŸŒŸğŸ®
MercadoLibre: Consola Nintendo Switch 2 256gb Bundle Mario Kart World RegiÃ³n Hk

ğŸ‘‰Ver Oferta: https://t.co/TZKF9PPEWg

ğŸ”¥Precio Oferta: $9,753

âš¡ï¸Unete a nuestros otros grupos:
https://t.co/hDwlFEz4oK

#OfertasMercadoLibre@oferâ€¦ https://t.co/N6SZwFghsV",2025-08-23 05:45:30+00:00,OfertonesMex,5423,https://x.com/OfertonesMex/status/1959129851358564632,0,0,0,0,0,18.0,IFTTT
"ÃšLTIMAS HORAS!! Para el Ã¡rea de los gymrats, tiene descuentazo por tienda oficial!! 

Enlace: https://t.co/nLqm3N5SPS https://t.co/wmtOBTrMxp",2025-08-23 01:39:14+00:00,home_and_health,1749,https://x.com/home_and_health/status/1959067879107694950,1,0,0,0,0,52.0,IFTTT
Y los de @mercadolibre se lavan las manos https://t.co/wt6bMs8FnL,2025-08-23 03:36:49+00:00,Alexmiko,1670,https://x.com/Alexmiko/status/1959097467951095818,0,0,0,0,0,42.0,Twitter for Android
"HIDRATA EL CONTORNO DE TUS OJOS CON CERAVEğŸ”¥
CeraVe Crema Reparadora para el Contorno de los Ojos | FÃ³rmula Ligera | Mejora la Apariencia de las Ojeras y Bolsas | RÃ¡pida AbsorciÃ³n Sin SensaciÃ³n Grasosa | 14ml | .5oz

Link MercadoLibre: https://t.co/rTSi91A7OW

âœ…15% OFF en L'Orâ€¦ https://t.co/M1mqRJ731a",2025-08-23 00:25:37+00:00,OfertonesMex,5423,https://x.com/OfertonesMex/status/1959049350513844681,0,0,0,0,0,52.0,IFTTT
"Â¡IMPRESIONANTE TOCADOR MAQUILLADOR CON LUCES LED! âœ¨ğŸ’„âœ…CON CUPÃ“Nâœ…
MercadoLibre: Tocador Maquillador Con Luces Led Con Espejo Y 4 Cajones Color Blanco

ğŸ‘‰Link: https://t.co/N1fgcRXbJ7

âœ…CupÃ³n de $100, compra mÃ­nima $1,500: AFILIADOS100

ğŸ”¥Precio Oferta + CupÃ³n: $1,999
ğŸ”¥Precioâ€¦",2025-08-23 02:15:22+00:00,OfertonesMex,5423,https://x.com/OfertonesMex/status/1959076970903257136,0,0,0,0,0,55.0,IFTTT
"SERUM ANTIMANCHAS DE RETINOL Y VITAMINA B3ğŸ”¥
Serum Facial Retinol Puro Revlon +vitamina B3 +colageno 30ml

Link MercadoLibre: https://t.co/gQdevaoZAA

ğŸ’‹Precio Original: $159
ğŸ’‹Precio Oferta: $101

âš¡ï¸Ãšnete a nuestros otros grupos: 
https://t.co/hDwlFEz4oK

#Belleza #OfertasMercâ€¦ https://t.co/ECIAzlP9Pf",2025-08-23 02:45:28+00:00,OfertonesMex,5423,https://x.com/OfertonesMex/status/1959084547649188333,0,0,0,0,0,62.0,IFTTT
"Â¡OFERTA IMPRESIONANTE! JUEGO DE 14 SARTENES CAROTE BLANCAS ğŸ³ğŸ”¥
MercadoLibre: Juego De 14 Sartenes Carote, Blanco

ğŸ‘‰Enlace: https://t.co/QxXYxK7xS0

70% OFF
ğŸ”¥Precio Oferta: $1,130
Precio Anterior: $3,767

âš¡ï¸Unete a nuestros otros grupos:
https://t.co/hDwlFEz4oK

#OfertasMercaâ€¦ https://t.co/Fze0RaK8fz",2025-08-23 05:05:51+00:00,OfertonesMex,5423,https://x.com/OfertonesMex/status/1959119876351574400,0,0,0,0,0,30.0,IFTTT
"Cupones:
AFILIADOS100 (compra mÃ­nima 1500)
AFILIADO10 (compra mÃ­nima 350)

Locker Metalico 4 Puertas Casilleros Oficina Chapa se pone de 3200 a solo 1590 pesos 
https://t.co/aYoyoSoPjQ https://t.co/7W6caNCoRL",2025-08-23 05:40:19+00:00,Pixelania,94095,https://x.com/Pixelania/status/1959128549266178240,1,0,0,0,0,86.0,Twitter Web App
"OFERTA RELÃMPAGO ğŸš€ BOSS BOTTLED INFINITE 200 ML EDP SPRAY - Â¡NO TE LO PIERDAS! ğŸŒŸ
MercadoLibre: Boss Bottled Infinite 200 Ml Edp Spray - Caballero

ğŸ‘‰Ver Oferta: https://t.co/JH4VGgaQMR

40% OFF
ğŸ”¥Precio Oferta: $1,058
Precio Anterior: $1,769

âš¡ï¸Unete a nuestros otros grupos:
â€¦ https://t.co/UYwvFeCfG8",2025-08-23 02:40:39+00:00,OfertonesMex,5423,https://x.com/OfertonesMex/status/1959083335663096093,0,0,0,0,0,55.0,IFTTT
"â—OFERTAS RELAMPAGOâ— Limpiador Cerave Control Imperfecciones Para Piel Con Tendencia AcnÃ©ica De Todas Las Edades De Dia Y Noche 236ml Skin Care

$239 - â—45% DE DESCUENTOâ—

Compra aquÃ­:
https://t.co/PPq3dCShIh

#Ofertas #Descuentos #MercadoLibre #OfertasRelampago https://t.co/ihZ9TsZLnP",2025-08-23 03:07:19+00:00,pacoo_motta,124,https://x.com/pacoo_motta/status/1959090045983289692,0,0,0,0,0,3.0,Twitter Web App
"ğŸ›ï¸ Mercado Libre: Espejo Luz Led Touch Pared Tocador BaÃ±o Vestidor 3 Luces

ğŸ‘‰ğŸ½ Ver: https://t.co/lpYawciLpE
ğŸ” O bÃºscalo con este ID: OFEMEX-WPNS

ğŸŸ¢ Precio Actual: $379 (-52%) ğŸ”´ Precio de lista: $799
ğŸ’³ Hasta 3 meses sin intereses de $126.33

#ofertarelampago #mercadolibre #ofertasdemexico",2025-08-23 02:55:19+00:00,OfertasMexico2,575,https://x.com/OfertasMexico2/status/1959087026147381681,0,0,0,0,0,17.0,Twitter Web App
@maxxlastra @JuniorSintress Por quÃ© la compran mÃ¡s caro en mercado libre si se puede comprar directamente en Amazon?,2025-08-23 03:46:01+00:00,Maradoo,9608,https://x.com/Maradoo/status/1959099782661562763,0,0,0,0,0,14.0,Twitter for iPhone
there isn't an official Noir plushie so I got this stupid big ass head bootleg on Mercado Libre for like 650 pesos https://t.co/UGZNp88cB3,2025-08-23 05:18:47+00:00,spidernoirmio,1131,https://x.com/spidernoirmio/status/1959123129411739890,3,1,0,0,0,57.0,Twitter for Android
"ğŸ›ï¸ Mercado Libre: Colcha Pinsonic King Size Soft-tex | EdredÃ³n Ligero (1 Pieza) Color Negro

ğŸ‘‰ğŸ½ Ver: https://t.co/5oDFWS5KHX
ğŸ” O bÃºscalo con este ID: OFEMEX-7130

ğŸŸ¢ Precio Actual: $486 (-41%) ğŸ”´ Precio de lista: $832
ğŸ’³ Hasta 3 meses sin intereses de $162.24

#ofertadeldia #mercadolibre #ofertasdemexico",2025-08-23 00:54:29+00:00,OfertasMexico2,575,https://x.com/OfertasMexico2/status/1959056615820202312,0,0,0,0,0,11.0,Twitter Web App
"VW hace alianza con Mercado Libre para vender sus productos originales.
#NEGOCIOMOTOR #vw 
ğŸ‘‡ğŸ‘‡ğŸ‘‡

https://t.co/N2jxfmUXVK",2025-08-23 02:41:01+00:00,Negocio_Motor,395,https://x.com/Negocio_Motor/status/1959083425752662224,0,0,0,0,0,4.0,Twitter for Android
"ğŸ›ï¸ Mercado Libre: Colchon Cama Inflable Individual Camping Portatil Aire

ğŸ‘‰ğŸ½ Ver: https://t.co/pVIO01NXcT
ğŸ” O bÃºscalo con este ID: OFEMEX-2BEZ

ğŸŸ¢ Precio Actual: $199 (-9%) ğŸ”´ Precio de lista: $219

#mercadolibre #ofertasdemexico https://t.co/XguZDoN3Dp",2025-08-23 00:41:11+00:00,OfertasMexico2,575,https://x.com/OfertasMexico2/status/1959053267331424477,0,0,0,0,0,18.0,Twitter Web App
no me puedo comprar ni un pancho pero me pongo a scrollear por mercado libre,2025-08-23 04:28:41+00:00,iluvusdp13,1458,https://x.com/iluvusdp13/status/1959110522596405724,0,0,0,0,0,13.0,Twitter for Android
"ğŸ›ï¸ Mercado Libre: Teclado Y Mouse Krios K95 EspaÃ±ol InalÃ¡mbrico Kit Teclado Y RatÃ³n Recargable De Wifi De ConexiÃ³n Estable 2.4 Ghz Compacto Con Ã‘ RatÃ³n 3 Ajustable Dpi Silencioso Para Pc Windows 7 8, 10, 11,mac Os

ğŸ‘‰ğŸ½ Ver: https://t.co/9cp56q6LQR
ğŸ” O bÃºscalo con este ID: OFEMEX-C8RS

ğŸŸ¢ Precio Actual: $393 (-39%) ğŸ”´ Precio de lista: $655
ğŸ’³ Hasta 3 meses sin intereses de $131.18

#masvendido #mercadolibre #ofertasdemexico",2025-08-23 02:53:22+00:00,OfertasMexico2,575,https://x.com/OfertasMexico2/status/1959086533979291878,0,0,0,0,0,82.0,Twitter Web App
"Benditas sean las ofertas relÃ¡mpago de mercado libre, lo Ãºnico bueno que tiene la app 

Me comprÃ© exactamente las mismas zapatillas que hace 4 meses 50 lucas mÃ¡s baratas, con lo que odio comprar ropa me viene de maravilla",2025-08-23 03:07:57+00:00,NickyVainilla,1148,https://x.com/NickyVainilla/status/1959090202946802155,0,0,0,0,0,30.0,Twitter for Android
"Pero la compra en mercado libre, no le permite robar!!!",2025-08-23 02:20:18+00:00,astridzugi,3932,https://x.com/astridzugi/status/1959078212132045273,1,0,0,0,0,17.0,Twitter for iPhone
"@SoyAlfito Prefiero pagar 22% mÃ¡s y no hasta 3 veces mÃ¡s como me cobraron una lÃ¡mpara en mercado libre!!  3000 ML, 790 temu jajajaja ladrones hdp.",2025-08-23 04:08:32+00:00,Fernand82126371,521,https://x.com/Fernand82126371/status/1959105450051313928,0,0,0,0,0,17.0,Twitter for Android
"@RPerengano @Flor_uy Y al comercio chico hace rato se lo vienen comiendo los grandes que incluso venden directo y por mercado libre. El comercio chico subsiste gracias a las ventas de urgencia, por estar cerca y a mano. Si tenÃ©s tiempo vas a un local grande o compras por web para ahorrar.",2025-08-23 04:18:24+00:00,conest0,45,https://x.com/conest0/status/1959107935650423171,0,2,0,0,0,25.0,Twitter for Android
hola quien me paga temu shein aliexpress amazon mercado libre crunchyroll netflix disney,2025-08-23 04:17:46+00:00,leycannibal,185,https://x.com/leycannibal/status/1959107775859941419,0,0,0,0,0,35.0,Twitter for iPhone
"ğŸ›ï¸ Mercado Libre: Parrilla Estufa PortÃ¡til Gas Butano Para Acampar 1 Quemador

ğŸ‘‰ğŸ½ Ver: https://t.co/Is64FoD7ZQ
ğŸ” O bÃºscalo con este ID: OFEMEX-KUVP

ğŸŸ¢ Precio Actual: $249 (-37%) ğŸ”´ Precio de lista: $399
ğŸ’³ Hasta 3 meses sin intereses de $83

#ofertadeldia #mercadolibre #ofertasdemexico",2025-08-23 00:58:25+00:00,OfertasMexico2,575,https://x.com/OfertasMexico2/status/1959057605004820953,0,0,0,0,0,27.0,Twitter Web App
"@MollyBoys A propÃ³sito de esto me comprÃ© una tetera en mercado libre de 
Hello Kitty me encantÃ³.
Es de acero inoxidable.",2025-08-23 03:04:52+00:00,roa_baker,1006,https://x.com/roa_baker/status/1959089428678291714,2,1,0,0,0,26.0,Twitter for Android
"ğŸ›ï¸ Mercado Libre: Caja Fuerte Digital Mediana

ğŸ‘‰ğŸ½ Ver: https://t.co/TiRImtpcha
ğŸ” O bÃºscalo con este ID: OFEMEX-KKVJ

ğŸŸ¢ Precio Actual: $884 (-47%) ğŸ”´ Precio de lista: $1,679
ğŸ’³ Hasta 3 meses sin intereses de $294.88

#masvendido #mercadolibre #ofertasdemexico https://t.co/N0ZLj4Tl4K",2025-08-23 03:01:34+00:00,OfertasMexico2,575,https://x.com/OfertasMexico2/status/1959088599414059081,0,0,0,0,0,12.0,Twitter Web App
"Datos: En Argentina, un GLA 45 AMG 2018 con ~66k km se lista entre US$59-65k (Mercado Libre/Autocosmos), asÃ­ que US$54.5k parece buen precio. Mantenimiento: alto para Mercedes (~20-30% mÃ¡s que GLC/X3, similar a BMW). Seguro: ~US$2k-3k/aÃ±o vs ~US$1k-1.5k para Corolla/Civic. Alternativas: GLC/X3 usados ~US$60-70k; Corolla/Civic nuevos ~US$25-35k. Si buscas performance, negocio; si practicidad, capricho.",2025-08-23 02:12:17+00:00,grok,6057847,https://x.com/grok/status/1959076195993362686,1,0,0,0,0,77.0,Banners & Ads
"@eamestoy Mercado libre te pide foto de cÃ©dula y registro facial, sino no compras ni vendes, son polÃ­ticas internacionales de seguridad y verificaciÃ³n...",2025-08-23 03:36:27+00:00,CrMagoya,9,https://x.com/CrMagoya/status/1959097374753669370,0,0,0,0,0,15.0,Twitter for Android
"ğŸ›ï¸ Mercado Libre: ShawtyÂ® Ventilador Circulador De Aire De Mesa, Ventilador Para RecÃ¡mara Con Control Remoto, Ventilador De Escritorio 3d Oscilante Con 6 Velocidades, Temporizador De 7.5 Horas, Pantalla TÃ¡ctil

ğŸ‘‰ğŸ½ Ver: https://t.co/78xykz4exa
ğŸ” O bÃºscalo con este ID: OFEMEX-Y7JR

ğŸŸ¢ Precio Actual: $536 (-63%) ğŸ”´ Precio de lista: $1,460
ğŸ’³ Hasta 3 meses sin intereses de $178.98

#ofertadeldia #mercadolibre #ofertasdemexico",2025-08-23 02:34:48+00:00,OfertasMexico2,575,https://x.com/OfertasMexico2/status/1959081861562396833,0,0,0,0,0,16.0,Twitter Web App
"ğŸ›ï¸ Mercado Libre: Skullcandy Terrain Bocina InalÃ¡mbrico Bluetooth Ipx7 Impermeable AutonomÃ­a De BaterÃ­a De 14 Horas Correa De Nailon Color Gris

ğŸ‘‰ğŸ½ Ver: https://t.co/Z7MJuFO9j2
ğŸ” O bÃºscalo con este ID: OFEMEX-W6FW

ğŸŸ¢ Precio Actual: $709 (-21%) ğŸ”´ Precio de lista: $899
ğŸ’³ Hasta 3 meses sin intereses de $236.33

#ofertadeldia #mercadolibre #ofertasdemexico",2025-08-23 01:43:25+00:00,OfertasMexico2,575,https://x.com/OfertasMexico2/status/1959068932167409718,0,0,0,0,0,6.0,Twitter Web App
@dievalen @miaamoroso29 Que haces diego? todo bien? cuanto le pediste a mercadolibre para poner el galpon en 3 de febrero? https://t.co/iOx1MZ3LD0,2025-08-23 04:29:37+00:00,Carlos_Dimarco,8632,https://x.com/Carlos_Dimarco/status/1959110754465894565,0,0,0,0,0,6.0,Twitter Web App
Descubre videos de productos... https://t.co/Faqsz9OsBq,2025-08-23 05:42:01+00:00,sophos008,189,https://x.com/sophos008/status/1959128977236275580,0,0,0,0,0,,Twitter for Android
"Â¡DESLUMBRA CON TU NUEVO TOCADOR MAQUILLADOR! ğŸŒŸâœ¨ğŸª
MercadoLibre: Tocador Maquillador Con Luces Led Con Espejo Y 4 Cajones Color Blanco

ğŸ‘‰Enlace: https://t.co/ihvVjpEeYt

25% OFF
ğŸ”¥Precio Oferta: $2,099
Precio Anterior: $2,799

âš¡ï¸Unete a nuestros otros grupos:
â€¦ https://t.co/LncIWUDDjX",2025-08-23 04:40:49+00:00,OfertonesMex,5423,https://x.com/OfertonesMex/status/1959113575311540316,0,0,0,0,0,38.0,IFTTT
"â—OFERTAS DEL DIAâ— Llave De Impacto Inalambrico Pistola Taladro Impacto Destornillador Electrica Sin Escobillas+juego De Herramientas 2pilas 520nm

$644 - â—65% DE DESCUENTOâ—

Compra aquÃ­:
https://t.co/UKFdmmBzs0

#Ofertas #Descuentos #MercadoLibre #OfertasDelDia https://t.co/OHfsl7XCaj",2025-08-23 02:41:03+00:00,pacoo_motta,124,https://x.com/pacoo_motta/status/1959083435881873625,0,0,0,0,0,2.0,Twitter Web App
"LIP GLOSS CON EFECTO VOLUMINIZADOR DE MAYBELLINEğŸ”¥
Maybelline Gloss Rellenador De Labios, Lifter Plump, Tono Red Flag 004, 5.4ml

Link MercadoLibre: https://t.co/DjyCa7ospP

ğŸ’‹Precio Original: $289
ğŸ’‹Precio Oferta: $145

âš¡ï¸Ãšnete a nuestros otros grupos: 
https://t.co/hDwlFEz4oKâ€¦ https://t.co/d1Uvht3Rer",2025-08-23 04:05:34+00:00,OfertonesMex,5423,https://x.com/OfertonesMex/status/1959104704362770774,0,0,0,0,0,46.0,IFTTT
"â—OFERTA EN HERRAMIENTASâ— Hidrolavadora InalÃ¡mbrica Electrica Hirlan Yn01 Pistola Para Lavado Autos Portatil Color Negro

$251 - â—62% DE DESCUENTOâ—

Compra aquÃ­:
https://t.co/zrImxYSmih

#Ofertas #Descuentos #MercadoLibre #Herramientas https://t.co/Em4SS4Oi21",2025-08-23 04:17:58+00:00,pacoo_motta,124,https://x.com/pacoo_motta/status/1959107825872822727,0,0,0,0,0,3.0,Twitter Web App
"â—OFERTA EN HERRAMIENTASâ— Llave De Impacto Inalambrico Pistola Taladro Impacto Destornillador Electrica Sin Escobillas+juego De Herramientas 2pil...

$644 - â—65% DE DESCUENTOâ—

Compra aquÃ­:
https://t.co/UKFdmmBzs0

#Ofertas #Descuentos #MercadoLibre #Herramientas https://t.co/26LmeIRnpU",2025-08-23 04:18:27+00:00,pacoo_motta,124,https://x.com/pacoo_motta/status/1959107947880919230,0,0,0,0,0,2.0,Twitter Web App
"â—OFERTASâ— Frigobar 45 L 1.6 Pies Con Congelador Y Bandeja De Hielos, Estante En Puerta, Control De Temperatura, Puerta Reversible...

$3,199 - â—20% DE DESCUENTOâ—

Compra aquÃ­:
https://t.co/BxYDLWHbMs

#Ofertas #Descuentos #MercadoLibre #Articulos #Liquidaciones https://t.co/tXBnuW2Kz7",2025-08-23 04:44:54+00:00,pacoo_motta,124,https://x.com/pacoo_motta/status/1959114602798600539,0,0,0,0,0,5.0,Twitter Web App
"Â¡RELOJ CASIO HOMBRE PLATEADO/NEGRO EN OFERTA! â°âœ¨
MercadoLibre: Reloj Casio Hombre Mtp-1302d-1a1 Plateado/negro Acero Color De La Correa Plateado Color Del Bisel Plateado Color Del Fondo Negro

ğŸ‘‰Enlace: https://t.co/u1kuotIhad

21% OFF
ğŸ”¥Precio Oferta: $1,500
Precio Anterior:â€¦ https://t.co/1fmmPc1Y3x",2025-08-23 04:15:10+00:00,OfertonesMex,5423,https://x.com/OfertonesMex/status/1959107119392739771,0,0,0,0,0,47.0,IFTTT
"â—OFERTAS EN BELLEZAâ— Tratamiento Reparador Redken Acidic Bonding Concentrate 150ml

$615 - â—25% DE DESCUENTOâ—

Compra aquÃ­:
https://t.co/ht3hN8uaMC

#Ofertas #Descuentos #MercadoLibre #Belleza #Mujer https://t.co/YrIE7qsTrt",2025-08-23 03:34:16+00:00,pacoo_motta,124,https://x.com/pacoo_motta/status/1959096828575539570,0,0,0,0,0,5.0,Twitter Web App
"â—OFERTAS EN BELLEZAâ— Limpiador Cerave Control Imperfecciones Para Piel Con Tendencia AcnÃ©ica De Todas Las Edades De Dia Y Noche 236ml Skin Care

$239 - â—45% DE DESCUENTOâ—

Compra aquÃ­:
https://t.co/PPq3dCShIh

#Ofertas #Descuentos #MercadoLibre #Belleza #Mujer https://t.co/NU5o9hQaqq",2025-08-23 03:33:51+00:00,pacoo_motta,124,https://x.com/pacoo_motta/status/1959096722501599463,0,0,0,0,0,6.0,Twitter Web App
"â—OFERTA EN HERRAMIENTASâ— Motosierra InalÃ¡mbrica PortÃ¡til ElÃ©ctrica 8 Pulgadas 300w Acsentron Con BaterÃ­a Cargador 2 Cadenas Y Guantes

$449 - â—60% DE DESCUENTOâ—

Compra aquÃ­:
https://t.co/aUOlybNAka

#Ofertas #Descuentos #MercadoLibre #Herramientas https://t.co/ieJ2zTi733",2025-08-23 04:19:22+00:00,pacoo_motta,124,https://x.com/pacoo_motta/status/1959108176311210406,0,0,0,0,0,5.0,Twitter Web App
"ğŸ“ˆ $MELI y $SPOT muestran un fuerte crecimiento. MercadoLibre: 37% de aumento en ingresos, 70M compradores activos. Spotify: 696M usuarios mensuales, 276M premium y 15% de crecimiento en ingresos. Ambas acciones tienen valoraciones atractivas. @grok",2025-08-23 01:30:10+00:00,FinanzasMiloX,130,https://x.com/FinanzasMiloX/status/1959065596244459748,0,1,0,0,0,14.0,IFTTT
"â—OFERTAS EN BELLEZAâ— Gel Cerave Limpiador Espumoso Piel Normal A Grasa Sin Perfume De 473 Ml DÃ­a Y Noche

$299 - â—46% DE DESCUENTOâ—

Compra aquÃ­:
https://t.co/g8LeHnYAGZ

#Ofertas #Descuentos #MercadoLibre #Belleza #Mujer https://t.co/WjCc7QDVR0",2025-08-23 03:33:23+00:00,pacoo_motta,124,https://x.com/pacoo_motta/status/1959096604343836787,0,0,0,0,0,6.0,Twitter Web App
"ğŸ“ˆ Â¡$MELI y $SPOT se destacan como las mejores opciones de crecimiento! MercadoLibre creciÃ³ 37% en ingresos y tiene 70M de compradores activos, mientras que Spotify alcanzÃ³ 696M de usuarios y 15% de crecimiento en ingresos. ğŸš€ @grok",2025-08-23 01:42:23+00:00,FinanzasMiloX,130,https://x.com/FinanzasMiloX/status/1959068668744077396,0,1,0,0,0,8.0,IFTTT
"Ring Ring #MercadoLibre 
Donde estÃ¡s @marcos_galperin 

#MileiDestruyeArgentina 
#KarinaChorra",2025-08-23 01:15:40+00:00,natalita0333,1508,https://x.com/natalita0333/status/1959061946722132006,1,0,1,1,0,63.0,Twitter for iPhone
"ğŸ“ˆ $MELI and $SPOT showing strong growth momentum

MercadoLibre: 37% revenue growth, 70M active buyers, margins up to 8%

Spotify: 696M monthly users, 276M premium members, 15% revenue growth

Both stocks trading at attractive valuations with rising profitability. @grok",2025-08-23 01:30:10+00:00,CryptoMilox,941,https://x.com/CryptoMilox/status/1959065597502726587,0,1,0,0,1,39.0,IFTTT
"CONTORNEA E ILUMINA TU ROSTRO CON NYXğŸ”¥
NYX Professional Makeup Wonder Stick Contorno E Iluminador 4g Tono Universal light

Link MercadoLibre: https://t.co/GhPTL2Sdbe

âœ…15% OFF en L'OrÃ©al
ğŸ’‹Precio Original: $399
ğŸ’‹Precio Oferta + CupÃ³n: $238

âš¡ï¸Ãšnete a nuestros otros grupos: 
â€¦ https://t.co/Hvl0KZ1eI4",2025-08-23 03:45:23+00:00,OfertonesMex,5423,https://x.com/OfertonesMex/status/1959099626138599513,0,0,0,0,0,46.0,IFTTT
@awaadaq mercado libre ahre,2025-08-23 01:40:09+00:00,taegallina,417,https://x.com/taegallina/status/1959068108812865738,0,0,0,0,0,28.0,Twitter for iPhone
"ğŸ›ï¸ Mercado Libre: Juego De Mesa En VersiÃ³n EspaÃ±ola

ğŸ‘‰ğŸ½ Ver: https://t.co/lyeRZP4kbX
ğŸ” O bÃºscalo con este ID: OFEMEX-JAMX

ğŸŸ¢ Precio Actual: $109 (-61%) ğŸ”´ Precio de lista: $282
ğŸ’³ Hasta 4 meses sin intereses de $27.30 con tarjeta Mercado Pago

#ofertadeldia #mercadolibre #ofertasdemexico",2025-08-23 01:44:16+00:00,OfertasMexico2,575,https://x.com/OfertasMexico2/status/1959069142805619119,0,0,0,0,0,13.0,Twitter Web App
"Advierten que Mercado Libre aprovecha un decreto de Milei para echar a los trabajadores cada seis meses

El DNU de Milei extendiÃ³ el perÃ­odo de prueba a medio aÃ±o. Denuncian que la empresa de Galperin lo usa para precarizar la plantilla.

 https://t.co/zNmqFTgP4U",2025-08-23 00:10:53+00:00,FelinoFran,1021,https://x.com/FelinoFran/status/1959045643248247195,0,0,1,0,0,17.0,Twitter Web App
A mi novia la cargo diciÃ©ndole mercado libre por exactamente la misma razÃ³n,2025-08-23 01:28:25+00:00,batifromreverie,301,https://x.com/batifromreverie/status/1959065155657945163,2,0,0,0,0,19.0,Twitter for Android
"ğŸ›ï¸ Mercado Libre: Deshumidificador De 12l, Control De Humedad Eficiente 150 M2

ğŸ‘‰ğŸ½ Ver: https://t.co/aLdcVFiMx0
ğŸ” O bÃºscalo con este ID: OFEMEX-MWBH

ğŸŸ¢ Precio Actual: $2,924 (-61%) ğŸ”´ Precio de lista: $7,497
ğŸ’³ Hasta 15 meses sin intereses de $194.93 con tarjeta Mercado Pago

#masvendido #mercadolibre #ofertasdemexico",2025-08-23 00:39:09+00:00,OfertasMexico2,575,https://x.com/OfertasMexico2/status/1959052758713061637,0,0,0,0,0,20.0,Twitter Web App
"@conest0 @Flor_uy Mercado libre tiene importaciÃ³n directa vÃ­a Mercado Pago creo. Y sÃ­, la idea es matar al pequeÃ±o comerciante como se ha matado al almacenero. El mundo es de grandes corporaciones y derivados.",2025-08-23 04:21:47+00:00,RPerengano,7348,https://x.com/RPerengano/status/1959108784363540658,1,1,0,0,0,29.0,Twitter Web App
"ğŸ›ï¸ Mercado Libre: Triciclo Bicicleta Infantil Carriola Bebe Paseo Con Cajuela

ğŸ‘‰ğŸ½ Ver: https://t.co/fRYL9ZuUtW
ğŸ” O bÃºscalo con este ID: OFEMEX-LYSL

ğŸŸ¢ Precio Actual: $1,099 (-45%) ğŸ”´ Precio de lista: $1,999
ğŸ’³ Hasta 3 meses sin intereses de $366.33

#ofertarelampago #mercadolibre #ofertasdemexico",2025-08-23 02:54:31+00:00,OfertasMexico2,575,https://x.com/OfertasMexico2/status/1959086824493666445,0,0,0,0,0,11.0,Twitter Web App
"ğŸ›ï¸ Mercado Libre: Barra De Sonido Aiwa Barras De Sonido Awsbh15 Negra 50/60hz

ğŸ‘‰ğŸ½ Ver: https://t.co/O3GSNADTz8
ğŸ” O bÃºscalo con este ID: OFEMEX-MFMR

ğŸŸ¢ Precio Actual: $580 (-55%) ğŸ”´ Precio de lista: $1,299
ğŸ’³ Hasta 3 meses sin intereses de $193.33

#masvendido #mercadolibre #ofertasdemexico",2025-08-23 00:40:16+00:00,OfertasMexico2,575,https://x.com/OfertasMexico2/status/1959053039630716974,0,0,0,0,0,9.0,Twitter Web App
"Gestoria Robles 

Ya en mercado libre 

https://t.co/PylczSEMY0",2025-08-23 03:34:11+00:00,robles897,0,https://x.com/robles897/status/1959096806836506776,0,0,0,0,0,,Twitter for Android
UNO ASÃ POR FAVOOOOR DONDE ME LO SACO DE MERCADO LIBRE TEMU AMAZON ALIBABA RRRRAAAAAAAAAAAAAAAAWRRRR,2025-08-23 02:58:48+00:00,nikkok0_,1435,https://x.com/nikkok0_/status/1959087901817311556,4,0,0,0,1,108.0,Twitter Web App
"@juan_ggallardo @carlitos_return Vaya patinaso que has pegao. Vox solo tendrÃ¡ Ã©xito si adopta un discurso mitad entre Milei y Bukele. Mas mercado libre y menos estado, y todo el mundo que se adapte es bienvenido, si no, endurecer las leyes tipo Bukele y que todo reincidente (espanyol o no) se pudra en la cÃ¡rcel.",2025-08-23 05:40:24+00:00,Santos2George,947,https://x.com/Santos2George/status/1959128568048304456,0,0,0,0,0,9.0,Twitter Web App
@afterrchabonn Como que Meli? JamÃ¡s escuchÃ© que le digan asÃ­ a mercado libre,2025-08-23 02:15:40+00:00,MGastonMiranda,567,https://x.com/MGastonMiranda/status/1959077045666754651,0,0,0,0,0,100.0,Twitter for Android
"@ricardovitela @LaSEMOVI yo sÃ³lo veo una bicicleta con apoyo elÃ©ctrico, a una seÃ±ora y sus pequeÃ±os trasladÃ¡ndose a su destino. Â¿quÃ© quieres regular? Â¿quÃ© equipo quieres que ocupen?. 

En mercado libre venden unos vibradores muy buenos y te los entregan discretamente, piÃ©nsalo.",2025-08-23 01:59:02+00:00,fierritoforeber,1656,https://x.com/fierritoforeber/status/1959072859910779092,3,2,2,0,0,799.0,Twitter Web App
@carlosmarreroth Si no le mueve en nada la aguja no invierte en operar en Uruguay en primer lugar. Mercado Libre no opera en Uruguay por beneficencia.,2025-08-23 00:02:08+00:00,grandaljotape,2010,https://x.com/grandaljotape/status/1959043439984624044,0,1,0,0,0,48.0,Twitter for Android
"@claudiosavoia Es de lo mÃ¡s normal con la inflaciÃ³n que hay. Y no son caras. Se venden tranquilamente por Mercado Libre.
Â¿Y en quÃ© lugar decÃ­s que no hay billetes fÃ­sicos con la economÃ­a informal existente?
Media pila.",2025-08-23 02:22:15+00:00,birguerjarl,1509,https://x.com/birguerjarl/status/1959078702756561108,0,0,0,0,0,87.0,Twitter for Android
"@porqueTTarg EstÃ¡ en mercado libre pero cuesta $60000 pesos chilenos ,muyyy caro y muy limitado su uso",2025-08-23 02:54:42+00:00,TeresaInos50645,20,https://x.com/TeresaInos50645/status/1959086868546404536,0,0,0,0,0,166.0,Twitter for Android
"la gente cree q porq es de clases altas no es de izqueirda, tambine hay gente arriba de las otras clases que si entienden para que sirve el mercado libre, no solo usan su inteligencia para ser corruptos y dementes con la gente, no hacen jugo con la gente",2025-08-23 01:20:00+00:00,santolds,394,https://x.com/santolds/status/1959063038616903779,0,0,0,0,0,,Twitter Web App
"ğŸ›ï¸ Mercado Libre: 30cm Maquina Selladora Bolsas Para Sellar Al Vacio Conservar

ğŸ‘‰ğŸ½ Ver: https://t.co/1qp8v4SWDd
ğŸ” O bÃºscalo con este ID: OFEMEX-YP0R

ğŸŸ¢ Precio Actual: $378 (-21%) ğŸ”´ Precio de lista: $479

#mercadolibre #ofertasdemexico https://t.co/E42OhjiQz7",2025-08-23 01:42:43+00:00,OfertasMexico2,575,https://x.com/OfertasMexico2/status/1959068753859076431,0,0,0,0,0,7.0,Twitter Web App
"@pope329547 @Arteymas_ Â¡Hola! El Neakasa Vacuum Iron no estÃ¡ disponible ahora en Mercado Libre AR, pero hay similares como el Vaporizador Electrolux Efficient EPS10 (alrededor de $78.408, Ãºltima unidad) o modelos de Rowenta. Busca ""vaporizador de ropa portÃ¡til"" para mÃ¡s opciones. Â¡Saludos!",2025-08-23 05:10:23+00:00,grok,6057850,https://x.com/grok/status/1959121017198272538,0,0,0,0,0,4.0,Banners & Ads
"*Beneficios para la salud*:
- *Mejora la funciÃ³n cognitiva
- *Protege el sistema nervioso
- *Apoya la salud digestiva
- *Tiene propiedades antiinflamatorias*: La melena de leÃ³n  ayuda a reducir la inflamaciÃ³n y mejorar la salud general. https://t.co/wbAdqVSXaX",2025-08-23 03:53:39+00:00,AngelaAravena12,2,https://x.com/AngelaAravena12/status/1959101705510904172,0,0,0,0,0,,Twitter for Android
Cual elijo #Comenta #ayudame https://t.co/gYR033u5Vz https://t.co/0YydXaAoAR,2025-08-23 04:23:11+00:00,1martingonzale1,47,https://x.com/1martingonzale1/status/1959109138463465962,0,0,0,0,0,4.0,Twitter for Android
https://t.co/TVPOb9LYf5,2025-08-23 00:29:59+00:00,elchituri,2276,https://x.com/elchituri/status/1959050449203445934,0,0,0,0,0,2.0,Twitter Web App
"Aceite Esencial De Melisa O Toronjil - Baja Essences

El Aceite Esencial de Melisa es uno de los aceites esenciales mÃ¡s socorridos para tranquilizar la mente y el espÃ­ritu, relaja el sistema nervioso proporcionando una sensaciÃ³n de tranquilidad y bienestar
https://t.co/jSTBjUqEeR",2025-08-23 04:40:43+00:00,BajaEssences,5,https://x.com/BajaEssences/status/1959113551584350567,0,0,0,0,0,3.0,Twitter Web App
https://t.co/8ktUBoDZEb,2025-08-23 00:18:53+00:00,elchituri,2276,https://x.com/elchituri/status/1959047658149998708,0,0,0,0,0,3.0,Twitter Web App
https://t.co/6aYCkMNwdH,2025-08-23 00:14:22+00:00,elchituri,2276,https://x.com/elchituri/status/1959046518549233958,0,0,0,0,0,4.0,Twitter Web App
"Botas De Seguridad Industrial Botines Para Hombre Trabajo. $294

https://t.co/H9PJ5aELPi",2025-08-23 00:39:22+00:00,dannyel_ponce,96,https://x.com/dannyel_ponce/status/1959052812987269300,0,0,0,0,0,1.0,Buffer
"â—OFERTAS RELAMPAGOâ— Cerave Crema Hidratante Piel Seca A Muy Seca | Piel Hidratada Hasta Por 48 Horas | Con 3 Ceramidas Esenciales | Contiene...

$224 - â—55% DE DESCUENTOâ—

Compra aquÃ­:
https://t.co/mlG6Y7bBFf

#Ofertas #Descuentos #MercadoLibre #OfertasRelampago https://t.co/yIuqjxtveP",2025-08-23 03:08:51+00:00,pacoo_motta,124,https://x.com/pacoo_motta/status/1959090429913088411,0,0,0,0,0,6.0,Twitter Web App
"â—OFERTAS DEL DIAâ— CÃ¡mara De Seguridad 2pcs-288 Hd 1080p Foco 360Â° Alarma 2 Piezas Con ResoluciÃ³n 2mp VisiÃ³n Nocturna Incluida Color Blanco

$361 - â—68% DE DESCUENTOâ—

Compra aquÃ­:
https://t.co/YQr3zlhM8v

#Ofertas #Descuentos #MercadoLibre #OfertasDelDia https://t.co/9BffoVsQTT",2025-08-23 02:40:03+00:00,pacoo_motta,124,https://x.com/pacoo_motta/status/1959083183237972050,0,0,0,0,0,3.0,Twitter Web App
"â—OFERTASâ— CÃ¡mara Seguridad Exterior Imou Dk7 Ipc-dk7n-2h1we 2mp Color Wifi DetecciÃ³n Color Blanco

$579 - â—42% DE DESCUENTOâ—

Compra aquÃ­:
https://t.co/sZS4MBIpht

#Ofertas #Descuentos #MercadoLibre #Articulos #liquidaciones https://t.co/bN4nSyE2r4",2025-08-23 04:45:21+00:00,pacoo_motta,124,https://x.com/pacoo_motta/status/1959114714690023842,0,0,0,0,0,4.0,Twitter Web App
"â—OFERTAS DEL DIAâ— Ventilador De Techo Lampara Ventilador Con Luz 52cm Pantalla De Cristal Control Remoto Incluye Expansor Y Base De Abanico

$188 - â—47% DE DESCUENTOâ—

Compra aquÃ­:
https://t.co/LpUnmc9kR2

#Ofertas #Descuentos #MercadoLibre #OfertasDelDia https://t.co/7sUT3qHocb",2025-08-23 02:40:34+00:00,pacoo_motta,124,https://x.com/pacoo_motta/status/1959083311994650948,0,0,0,0,0,6.0,Twitter Web App
https://t.co/ooVB3A8xwE,2025-08-23 01:05:55+00:00,ClaudiaSan21014,16,https://x.com/ClaudiaSan21014/status/1959059492253176244,0,0,0,0,0,,Twitter for Android
"SERUM DE RETINOL PARA REDUCIR Y ELIMINAR MANCHAS EN LA PIEL ğŸ”¥
Serum Retinol Anti-marcas Con 3 Ceramidas 30ml Cerave

Link MercadoLibre: https://t.co/rcvNuJNxK2

âœ…15% OFF en L'OrÃ©al
ğŸ’‹Precio Original: $499
ğŸ’‹Precio Oferta + CupÃ³n: $296

âš¡ï¸Ãšnete a nuestros otros grupos: 
â€¦ https://t.co/GBl2aA3VRG",2025-08-23 00:05:33+00:00,OfertonesMex,5423,https://x.com/OfertonesMex/status/1959044303247794571,0,0,0,0,0,75.0,IFTTT
"â—OFERTAS DEL DIAâ— Llave De Impacto Inalambrico Taladro Sin Escobillas 2 En 1

$587 - â—48% DE DESCUENTOâ—

Compra aquÃ­:
https://t.co/jb3YVPRlAJ

#Ofertas #Descuentos #MercadoLibre #OfertasDelDia https://t.co/v65j6GbXJV",2025-08-23 02:43:03+00:00,pacoo_motta,124,https://x.com/pacoo_motta/status/1959083938053321080,0,0,0,0,0,1.0,Twitter Web App
https://t.co/uvapl23Rk3,2025-08-23 04:49:45+00:00,Kodeshjesus,1,https://x.com/Kodeshjesus/status/1959115821290008973,0,0,0,0,0,1.0,Twitter for Android
"ÃšLTIMAS HORAS!! Para el almacenamiento en la mamalona de 2 ruedas, tiene mÃ¡s del 30% de descuento por tienda oficial!! 

Enlace: https://t.co/Rf7fRmRfmc https://t.co/seVp56N4lD",2025-08-23 03:58:25+00:00,home_and_health,1749,https://x.com/home_and_health/status/1959102906369483155,0,0,0,0,0,48.0,IFTTT
https://t.co/RpPt1OOKkR,2025-08-23 02:09:18+00:00,mayor_ro17337,787,https://x.com/mayor_ro17337/status/1959075442477961216,1,0,0,0,0,32.0,Twitter for iPhone
"â—OFERTA EN HERRAMIENTASâ— Hidrolavadora Electrica Trent 1400w Alta Presion 1600 Psi Hlt307-1400-ac127v 60 Hz Negro Y Amarillo

$1,099 - â—63% DE DESCUENTOâ—

Compra aquÃ­:
https://t.co/c7poCYxPR6

#Ofertas #Descuentos #MercadoLibre #Herramientas https://t.co/vvNWmDBVFl",2025-08-23 04:18:55+00:00,pacoo_motta,124,https://x.com/pacoo_motta/status/1959108062502859238,0,0,0,0,0,5.0,Twitter Web App
"â—OFERTAS DEL DIAâ— OjoÂ® 15mp CÃ¡maras De Seguridad Tres Lentes Tres Pantalla Ptz

$554 - â—27% DE DESCUENTOâ—

Compra aquÃ­:
https://t.co/j7EOBM6e0l

#Ofertas #Descuentos #MercadoLibre #OfertasDelDia https://t.co/KgkHwpG01F",2025-08-23 02:42:35+00:00,pacoo_motta,124,https://x.com/pacoo_motta/status/1959083820545716692,0,0,0,0,0,2.0,Twitter Web App
@afterrchabonn El mismo Mercado Libre se autodenomina Meli,2025-08-23 05:50:15+00:00,KilluaGirl,71,https://x.com/KilluaGirl/status/1959131050140909979,0,0,0,0,0,2.0,Twitter for Android
"pq de por si, 6% sacan todos los martilleros pÃºblicos sobre la compra venta de las propiedades, y por sucesiÃ³n te meten un asquerosÃ­simo 20%, osea, y mercado libre mete como 30% de comisiÃ³n, en fin.. yo no saco una mierda, solamente digo que es distinto una cosa con la otra",2025-08-23 05:32:48+00:00,comfortablynuv,1168,https://x.com/comfortablynuv/status/1959126657572155458,0,0,0,0,0,4.0,Twitter Web App
"@afterrchabonn Le dicen meli a mercado libre? Apenas me estoy enterando, suena pÃ©simo ajajaj",2025-08-23 00:53:47+00:00,Quiralhzn,59,https://x.com/Quiralhzn/status/1959056439093424258,0,0,0,0,0,129.0,Twitter for Android
"@ffonseca6 @eamestoy @otariaperofeliz Mercado Libre tambiÃ©n pide la foto de la cÃ©dula y hasta Facebook te la pide. Linkedin te la pide para la verificaciÃ³n, pero del pasaporte.",2025-08-23 03:03:53+00:00,RichardJPosse,3632,https://x.com/RichardJPosse/status/1959089180102861240,1,0,0,0,0,16.0,Twitter for Android
"Ahre, cuando termine siendo otra publicidad de mercado libre",2025-08-23 00:42:18+00:00,stoesselcupido,1680,https://x.com/stoesselcupido/status/1959053551113838716,1,0,0,0,0,67.0,Twitter for iPhone
@afterrchabonn TrabajÃ© 12 aÃ±os en Mercado Libre y para mÃ­ siempre fue ML. Nunca me cerrÃ³ el MELI aunque viene de su sÃ­mbolo en el NASDAQ como ya dijo alguien por ahÃ­.,2025-08-23 03:16:42+00:00,nmfranco87,244,https://x.com/nmfranco87/status/1959092407208710534,0,0,0,0,0,142.0,Twitter for Android
"Mercado Libre :Mochila Grande Chenson Baston Peach Coleccion Mb66503-p Color Negro

ğŸ‘‰Enlace del producto aqui: https://t.co/tLwZmPpRFV

âœ…CupÃ³n de $100, compra mÃ­nima $1,500: AFILIADOS100

ğŸ”¥Precio Oferta + CupÃ³n: $1,530
ğŸ”¥Precio Oferta: $1,630

âš¡ï¸Unete a nuestros otros gruposâ€¦ https://t.co/kTJ7R8ltNa",2025-08-23 00:10:41+00:00,OfertonesMex,5423,https://x.com/OfertonesMex/status/1959045591901536555,0,0,0,0,0,228.0,IFTTT
@Fabiancito125 La compre en mercado libre a ese precioğŸ˜µâ€ğŸ’«ğŸ˜µâ€ğŸ’«,2025-08-23 02:55:23+00:00,harinapanvnzlaa,2458,https://x.com/harinapanvnzlaa/status/1959087042773529066,2,1,0,0,0,112.0,Twitter for iPhone
@ConSdeSangria Conviene mas por Amazon que Mercado libre?,2025-08-23 02:44:07+00:00,julyck92,2619,https://x.com/julyck92/status/1959084207491195133,0,0,0,0,0,10.0,Twitter for Android
@eamestoy Mercado libre tambiÃ©n.,2025-08-23 01:58:23+00:00,alcigra71,124,https://x.com/alcigra71/status/1959072699067576558,1,0,0,0,0,28.0,Twitter Web App
"@jewelrytearss Luego vas a ver los pÃ³sters a $5000, en mercado libre",2025-08-23 03:14:44+00:00,discipleofdany_,866,https://x.com/discipleofdany_/status/1959091912691822831,0,0,0,0,0,51.0,Twitter for Android
@carl_el_poyo Mercado libre XD,2025-08-23 00:46:53+00:00,IAM_MatyMisty,936,https://x.com/IAM_MatyMisty/status/1959054705281441995,1,0,0,0,0,13.0,Twitter for Android
@mixlaliter Sos yo con diez mil pe jajajaja miro mercado libre.. si no sos cosas es comidağŸ˜…ğŸ˜¬,2025-08-23 00:58:38+00:00,mialmasensible,1911,https://x.com/mialmasensible/status/1959057662727135637,0,0,0,0,0,25.0,Twitter for iPhone
@afterrchabonn MErcado LIbre. Abrazo,2025-08-23 02:34:23+00:00,NecarNecar,6,https://x.com/NecarNecar/status/1959081757698826583,0,0,0,0,0,12.0,Twitter for Android
"@negriSil2019 Yo me arreglo muy bien con YouTube hay pelis muy buenas, ademÃ¡s tenes, mercado libre tambiÃ©n es gratis, y creo que claro tambiÃ©n tiene algo gratis, y tenÃ©s Pluto tv, hay opciones.",2025-08-23 03:35:28+00:00,AMPthekey,726,https://x.com/AMPthekey/status/1959097129944637449,0,0,0,0,0,39.0,Twitter for Android
"â—OFERTAS EN BELLEZAâ— CiciiÂ® Rasuradora ElÃ©ctrica Profesional Para Hombres, Afeitadora De LÃ¡minas Con 3 Velocidades Ajustables (6500-7500rpm),r...

$347 - â—51% DE DESCUENTOâ—

Compra aquÃ­:
https://t.co/WSiA2tkA84

#Ofertas #Descuentos #MercadoLibre #Mujer #Belleza https://t.co/ROZDIhv0LK",2025-08-23 03:34:44+00:00,pacoo_motta,124,https://x.com/pacoo_motta/status/1959096943566573870,0,0,0,0,0,6.0,Twitter Web App
"Cupones:
AFILIADOS100 (compra mÃ­nima 1500)
AFILIADO10 (compra mÃ­nima 350)

Toallero Mueble Organizador BaÃ±o Rack Estante Sanitario se pone de 199 a solo 173 pesos 
https://t.co/rqOmZ8wyfo https://t.co/3PtAuTZrHD",2025-08-23 05:37:58+00:00,Pixelania,94096,https://x.com/Pixelania/status/1959127957588390083,1,0,0,0,0,96.0,Twitter Web App
https://t.co/QrjtHIzL8x,2025-08-23 05:50:57+00:00,Ely4019,0,https://x.com/Ely4019/status/1959131224691048614,0,0,0,0,0,,Twitter for Android
"â—OFERTASâ— Hidrolavadora Electrica Trent 1400w Alta Presion 1600 Psi Hlt307-1400-ac127v 60 Hz Negro Y Amarillo

$1,099 - â—63% DE DESCUENTOâ—

Compra aquÃ­:
https://t.co/c7poCYxPR6

#Ofertas #Descuentos #MercadoLibre #Articulos #liquidaciones https://t.co/xTnzY4x5PO",2025-08-23 04:45:47+00:00,pacoo_motta,124,https://x.com/pacoo_motta/status/1959114822794006665,0,0,0,0,0,4.0,Twitter Web App
"Cupones:
AFILIADOS100 (compra mÃ­nima 1500)
AFILIADO10 (compra mÃ­nima 350)

Mochila Escolar Viaje Bolsa 30l Laptop 15.6 Inch Gran Capacidad Para Mujer O Hombre se pone de 482 a solo 289 pesos 
https://t.co/0lcKyeqJOa https://t.co/vmjXLkbNzM",2025-08-23 04:40:32+00:00,Pixelania,94096,https://x.com/Pixelania/status/1959113502573900095,1,0,0,0,0,214.0,Twitter Web App
"Cupones:
AFILIADOS100 (compra mÃ­nima 1500)
AFILIADO10 (compra mÃ­nima 350)

Chaleco De Seguridad Reflejante Industrial Superbrillante se pone de 214 a solo 139 pesos 
https://t.co/OLkbz8qpmO https://t.co/kkvWDd9djT",2025-08-23 05:35:32+00:00,Pixelania,94096,https://x.com/Pixelania/status/1959127343026274744,1,0,0,0,0,113.0,Twitter Web App
"â—OFERTAS EN SMARTPHONEâ— Cubot Kingkong 9 Dual Sim 256 Gb Negro 12 Gb Ram

$4,111 - â—30% DE DESCUENTOâ—

Compra aquÃ­:
https://t.co/j9CnU8i8DE

#Ofertas #Descuentos #MercadoLibre #SmartPhone #Celular #Cubot #Xiaomi #Samsung https://t.co/qJ9s2S6JLl",2025-08-23 02:26:32+00:00,pacoo_motta,124,https://x.com/pacoo_motta/status/1959079779400925234,0,0,0,0,0,11.0,Twitter Web App
"Cupones:
AFILIADOS100 (compra mÃ­nima 1500)
AFILIADO10 (compra mÃ­nima 350)

Tienda Oficial: Cama hospitalaria manual porta suero bandeja comida colchon 2 posiciones Lumo se pone de 10090 a solo 5481 pesos 
https://t.co/0GWeFBH6dt https://t.co/bC34LBZDsa",2025-08-23 05:02:19+00:00,Pixelania,94096,https://x.com/Pixelania/status/1959118985259028542,1,0,0,0,0,194.0,Twitter Web App
"â—OFERTAS RELAMPAGOâ— Ventilador De Torre ShawtyÂ® 40 Pulgadas 100cm Con Control Remoto, 5 Velocidades Temporizador 12h, Silencioso Y PortÃ¡til,...

$576 - â—60% DE DESCUENTOâ—

Compra aquÃ­:
https://t.co/gE4DCNDKvo

#Ofertas #Descuentos #MercadoLibre #OfertasRelampago https://t.co/fg8dy2V381",2025-08-23 03:07:50+00:00,pacoo_motta,124,https://x.com/pacoo_motta/status/1959090174974959896,0,0,0,0,0,6.0,Twitter Web App
"Â¡OFERTA RELÃMPAGO! âš¡
Â¡23% de descuento! ğŸ”–
De $288 a $219 ğŸ¤‘

*Parrilla Electrica Raga 2 Quemadores Acero Inoxidable 2000W Negro* de encendido automÃ¡tico y duradera 

Â¡SOLO POR HOY CONSÃGUELO AQUÃ! ğŸœ: https://t.co/t69eKReAnG https://t.co/tLCxwCwAdU",2025-08-23 01:04:11+00:00,HormigaAhorrado,7,https://x.com/HormigaAhorrado/status/1959059057513279524,0,0,0,0,0,9.0,Twitter for Android
"@Mercadolibre Cada vez van de mal en peor, primero me cierran una devoluciÃ³n y debo quedarme con el producto en mal estado, ahor ame salen que mi entrega se retrasa hasta el lunes... CancelarÃ© todas mis compras y servicios con esta empresa, ya me fastidiaron",2025-08-23 04:33:54+00:00,Quenatzin,17,https://x.com/Quenatzin/status/1959111832670552134,0,0,0,0,0,2.0,Twitter for Android
"Cupones:
AFILIADOS100 (compra mÃ­nima 1500)
AFILIADO10 (compra mÃ­nima 350)

Tienda Oficial: Silla Escritorio Oficina Ejecutiva ErgonÃ³mica Con Reposapies se pone a solo 3398 pesos 
https://t.co/8EGAzzd2bs https://t.co/j5dSuu0M6G",2025-08-23 05:28:27+00:00,Pixelania,94096,https://x.com/Pixelania/status/1959125563177631939,1,0,0,0,0,135.0,Twitter Web App
"Cupones:
AFILIADOS100 (compra mÃ­nima 1500)
AFILIADO10 (compra mÃ­nima 350)

Tienda Oficial: Set 12 Recipiente Hermetico Contenedor Alimentos Almacenar Color Transparente se pone de 350 a solo 273 pesos 
https://t.co/5bVCcKGtWz https://t.co/eDVhQw9pna",2025-08-23 05:18:58+00:00,Pixelania,94096,https://x.com/Pixelania/status/1959123173829378244,1,0,0,0,0,170.0,Twitter Web App
"Cupones:
AFILIADOS100 (compra mÃ­nima 1500)
AFILIADO10 (compra mÃ­nima 350)

9am Dive Unisex Afnan 100ml EDP Spray se pone de 600 a solo 534 pesos 
https://t.co/DnDnotV2Rp https://t.co/TncoFgmqsa",2025-08-23 04:31:05+00:00,Pixelania,94096,https://x.com/Pixelania/status/1959111124290302146,1,0,0,0,0,191.0,Twitter Web App
"â—MAS VENDIDOS EN COMEDORESâ— Juego De Comedor Con Mesa Madesa Talita Y 4 Sillas Color MarrÃ³n

$3,829 - â—2% DE DESCUENTOâ—

Compra aquÃ­:
https://t.co/oUAtTOjsd0

#Ofertas #Descuentos #MercadoLibre #Cocina #Comedor https://t.co/pWFRYI04v5",2025-08-23 04:32:42+00:00,pacoo_motta,124,https://x.com/pacoo_motta/status/1959111532668698794,0,0,0,0,0,8.0,Twitter Web App
"Cupones:
AFILIADOS100 (compra mÃ­nima 1500)
AFILIADO10 (compra mÃ­nima 350)

Tienda Oficial: Minisplit Inverter V32 220v Mirage Evc121d 1 Tonelada 12000 Btu R32 Color Blanco se pone de 7533 a solo 5679 pesos 
https://t.co/tmYlNXnS6V https://t.co/8TuDcNKLA0",2025-08-23 04:38:10+00:00,Pixelania,94096,https://x.com/Pixelania/status/1959112908585013649,1,0,0,0,0,187.0,Twitter Web App
"Cupones:
AFILIADOS100 (compra mÃ­nima 1500)
AFILIADO10 (compra mÃ­nima 350)

Tienda Oficial: Zapatos De Seguridad Tenis De Fibra Transpirables Nieion se pone de 564 a solo 266 pesos 
https://t.co/G479s1dgNN https://t.co/uwSQwZW1TZ",2025-08-23 05:16:30+00:00,Pixelania,94096,https://x.com/Pixelania/status/1959122554146156963,1,0,0,0,0,189.0,Twitter Web App
"Â¡OFERTA RELÃMPAGO! âš¡
Â¡59% de descuento! ğŸ”–
De $282.45 a $114.86 ğŸ¤‘

*Gimnasio Short Licra Deportiva 2 en 1 Hombre* hecho de poliÃ©ster, Naylon y Spandex  y cintura elÃ¡stica 

Â¡SOLO POR HOY CONSÃGUELO AQUÃ! ğŸœ: https://t.co/KNQJMl1dOC https://t.co/ZPrmoOj1wT",2025-08-23 00:50:23+00:00,HormigaAhorrado,7,https://x.com/HormigaAhorrado/status/1959055582645956649,0,0,0,0,0,12.0,Twitter for Android
"ğŸ“ˆ $MELI &amp; $SPOT emerge as top growth picks!

MercadoLibre shows 37% revenue growth in Q2, reaching 70M active buyers with 8% profit margin.

Spotify hits 696M monthly users, 276M premium subscribers with 15% revenue growth &amp; improving 4.76% margins. @grok",2025-08-23 01:42:23+00:00,CryptoMilox,941,https://x.com/CryptoMilox/status/1959068669981454636,0,1,0,0,0,32.0,IFTTT
"â—OFERTAS DEL DIAâ— Hidrolavadora InalÃ¡mbrica Electrica Hirlan Yn01 Pistola Para Lavado Autos Portatil Color Negro

$251 - â—62% DE DESCUENTOâ—

Compra aquÃ­:
https://t.co/zrImxYSmih

#Ofertas #Descuentos #MercadoLibre #OfertasDelDia https://t.co/LyFtiMj1m8",2025-08-23 02:39:33+00:00,pacoo_motta,124,https://x.com/pacoo_motta/status/1959083055781433646,0,0,0,0,0,3.0,Twitter Web App
"@joacorv18 @franfe42 @franperez_co En 2021, con sueldo promedio de 61.221 ARS y arroz a 145 ARS/kg, se podÃ­an comprar ~422 kg. En 2022, 86.128 ARS y 265 ARS/kg, ~325 kg. En 2025 (mayo), 1.627.306 ARS y ~1.550 ARS/kg, ~1.050 kg. Fuentes: Wagecentre, Consumidores Libres, Trading Economics, MercadoLibre.",2025-08-23 01:02:02+00:00,grok,6057701,https://x.com/grok/status/1959058518247710812,46,5,0,0,0,1343.0,Banners & Ads
"Â¡SMART TV DE 43"" CON ANDROID TV EN OFERTA! ğŸ“ºâœ¨
MercadoLibre: Smart Tv Pantalla 43 Pulgadas Signa Android Tv Led Hd Bluetooth Dolby Audio

ğŸ‘‰Enlace: https://t.co/qFmMOhLgCe

37% OFF
ğŸ”¥Precio Oferta: $3,149
Precio Anterior: $4,999

âš¡ï¸Unete a nuestros otros grupos:
â€¦ https://t.co/vZOQO6JeHd",2025-08-23 03:50:46+00:00,OfertonesMex,5423,https://x.com/OfertonesMex/status/1959100981565649136,0,0,0,0,0,43.0,IFTTT
"â—OFERTAS RELAMPAGOâ— Guantes De Nitrilo Vinil Libre De Latex Sin Polvo Azul Negro

$82 - â—41% DE DESCUENTOâ—

Compra aquÃ­:
https://t.co/pNwg6ulOW9

#Ofertas #Descuentos #MercadoLibre #OfertasRelampago https://t.co/RkGHFu0ZHo",2025-08-23 03:10:18+00:00,pacoo_motta,124,https://x.com/pacoo_motta/status/1959090796331769878,0,0,0,0,0,8.0,Twitter Web App
"LOS FAVORITOS DE BEAUTY CREATIONS, ILUMINADOR EN POLVO COMPACTOğŸ”¥
Iluminador Flawless Stay Final Finish Baked Beauty Creations Tono del maquillaje Flashy

Link MercadoLibre: https://t.co/xQ6p1RU9er

ğŸ’‹Precio Original: $229
ğŸ’‹Precio Oferta: $178

âš¡ï¸Ãšnete a nuestros otros grupos:â€¦ https://t.co/1VBWwlCIw4",2025-08-23 01:25:46+00:00,OfertonesMex,5423,https://x.com/OfertonesMex/status/1959064488268660772,0,0,0,0,1,45.0,IFTTT
"EL MEJOR GEL DE CEJAS PARA UN EFECTO LAMINADOğŸ”¥
Maybelline New York Superlock Gel Fijador De Cejas 7ml Transparente

Link MercadoLibre: https://t.co/nhZUME6WX7

ğŸ’‹Precio Original: $219
ğŸ’‹Precio Oferta: $158

âš¡ï¸Ãšnete a nuestros otros grupos: 
https://t.co/hDwlFEz4oK

#Belleza #Oâ€¦ https://t.co/VbvGz4ZERL",2025-08-23 02:20:49+00:00,OfertonesMex,5423,https://x.com/OfertonesMex/status/1959078340888842428,0,0,0,0,0,51.0,IFTTT
"CORRECTOR FACIAL EN SERUM DE NYXğŸ”¥
Nyx Cosmetics Bare With Me suero corrector tono Beige 9.6 mL

Link MercadoLibre: https://t.co/ec7Kju7EUj

âœ…15% OFF en L'OrÃ©al
ğŸ’‹Precio Original: $399
ğŸ’‹Precio Oferta + CupÃ³n: $235

âš¡ï¸Ãšnete a nuestros otros grupos: 
https://t.co/hDwlFEz4oK
#Beâ€¦ https://t.co/HSulxRWUoV",2025-08-23 03:05:46+00:00,OfertonesMex,5423,https://x.com/OfertonesMex/status/1959089654667362754,0,1,0,0,0,68.0,IFTTT
"DE LOS LIP OILS MÃS VENDIDOS DEL MOMENTOğŸ”¥
Lip Oil Aceite De Labios Con Aroma BissÃº Varios Tonos 04 Jamaica

Link MercadoLibre: https://t.co/HKuGxJHF2d

ğŸ’‹Precio Original: $119
ğŸ’‹Precio Oferta: $107

âš¡ï¸Ãšnete a nuestros otros grupos: 
https://t.co/hDwlFEz4oK

#Belleza #OfertasMeâ€¦ https://t.co/KFjWzuYSiW",2025-08-23 02:05:53+00:00,OfertonesMex,5423,https://x.com/OfertonesMex/status/1959074583606091931,0,0,0,0,0,44.0,IFTTT
"â—OFERTAS DEL DIAâ— Mochila De Viaje, Mochila Para Hombres, Para Laptop 17 30l Antirrobo E Impermeable Matein 1035 Color Negro DiseÃ±o Lisa

$342 - â—54% DE DESCUENTOâ—

Compra aquÃ­:
https://t.co/3ZpqLQA3Td

#Ofertas #Descuentos #MercadoLibre #OfertasDelDia https://t.co/WUM6CVMl0E",2025-08-23 02:42:01+00:00,pacoo_motta,124,https://x.com/pacoo_motta/status/1959083679940014507,0,0,0,0,0,18.0,Twitter Web App
"SPRAY FIJADOR DE MAQUILLAJE CON ACABADO MATE DE NYXğŸ”¥
NYX Professional MakeUp Matte Finish Fini Mat

Link MercadoLibre: https://t.co/STBewZSbIm

âœ…15% OFF en L'OrÃ©al
ğŸ’‹Precio Original: $329
ğŸ’‹Precio Oferta + CupÃ³n: $183

âš¡ï¸Ãšnete a nuestros otros grupos: 
https://t.co/hDwlFEz4oKâ€¦ https://t.co/VRIOBq2IxQ",2025-08-23 03:25:36+00:00,OfertonesMex,5423,https://x.com/OfertonesMex/status/1959094644295229922,0,0,0,0,0,49.0,IFTTT
"DALE COLOR E ILUMINA TU MAQUILLAJE CON LOS NUEVOS ILUMINADORES DE NYXğŸ”¥
Iluminador Cremoso Buttermelt Highlighter De Nyx U Butta Werk

Link MercadoLibre: https://t.co/VUvxsNY37G

âœ…15% OFF en L'OrÃ©al
ğŸ’‹Precio Original: $299
ğŸ’‹Precio Oferta + CupÃ³n: $255

âš¡ï¸Ãšnete a nuestros otroâ€¦ https://t.co/PuDT3a6foW",2025-08-23 01:45:22+00:00,OfertonesMex,5423,https://x.com/OfertonesMex/status/1959069419767816668,0,0,0,0,0,45.0,IFTTT
"â—OFERTAS EN SMARTPHONEâ— Celular Infinix Hot 60 Pro+ Ai Phone Plateado, Dual Sim, 16gb Ram, 256gb Rom, Pantalla...

$3,570 - â—23% DE DESCUENTOâ—

Compra aquÃ­:
https://t.co/jdGurBxMk4

#Ofertas #Descuentos #MercadoLibre #SmartPhone #Celular #Cubot #Xiaomi #Samsung https://t.co/K1xMFf9tn9",2025-08-23 02:28:03+00:00,pacoo_motta,124,https://x.com/pacoo_motta/status/1959080163179684053,0,0,0,0,0,2.0,Twitter Web App
"LIMPIADOR FACIAL SUPER GENTIL PARA USO DIARIOğŸ”¥
Cetaphil Gel Limpiador Facial Diario, Apto para Piel Grasa, Uso DÃ­a y Noche, 237ml

Link MercadoLibre: https://t.co/tehaWwtmdo

ğŸ’‹Precio Original: $418
ğŸ’‹Precio Oferta: $210

âš¡ï¸Ãšnete a nuestros otros grupos: 
â€¦ https://t.co/GDh4qRN2hZ",2025-08-23 00:45:50+00:00,OfertonesMex,5423,https://x.com/OfertonesMex/status/1959054440578650329,0,0,0,0,0,46.0,IFTTT
"â—OFERTAS EN SMARTPHONEâ— Celular Xiaomi Pocophone Poco M7 Dual Sim 6.9'' 256 Gb Rom 8 Gb Ram Snapdragon685 7000mah

$2,993 - â—20% DE DESCUENTOâ—

Compra aquÃ­:
https://t.co/oNBdRd52DN

#Ofertas #Descuentos #MercadoLibre #SmartPhone #Celular #Cubot #Xiaomi #Samsung https://t.co/RfgVUAWpdH",2025-08-23 02:29:01+00:00,pacoo_motta,124,https://x.com/pacoo_motta/status/1959080405748875501,0,0,0,0,0,10.0,Twitter Web App
"â—OFERTAS RELAMPAGOâ— Celular Infinix Hot 60 Pro+ Ai Phone Plateado, Dual Sim, 16gb Ram, 256gb Rom, Pantalla Curva 3d Amoled 1,5k 144hz, Bat...

$3,570 - â—23% DE DESCUENTOâ—

Compra aquÃ­:
https://t.co/jdGurBxMk4

#Ofertas #Descuentos #MercadoLibre #OfertasRelampago https://t.co/NrVI7Ph7QA",2025-08-23 03:09:50+00:00,pacoo_motta,124,https://x.com/pacoo_motta/status/1959090677704261730,0,0,0,0,0,1.0,Twitter Web App
"â—OFERTAS RELAMPAGOâ— Celular Infinix Hot 60 Pro+ Negro, Dual Sim, 16gb Ram, 256 Gb Rom, Pantalla Curva 3d Amoled 1,5k 144 Hz, BaterÃ­a 5160...

$3,570 - â—23% DE DESCUENTOâ—

Compra aquÃ­:
https://t.co/iT180HEj5t

#Ofertas #Descuentos #MercadoLibre #OfertasRelampago https://t.co/kswJdtchDJ",2025-08-23 03:08:20+00:00,pacoo_motta,124,https://x.com/pacoo_motta/status/1959090302473355369,0,0,0,0,0,5.0,Twitter Web App
"â—OFERTAS EN SMARTPHONEâ— Pocophone Poco M5s Dual Sim 256 Gb Gris 8 Gb Ram

$2,009 - â—26% DE DESCUENTOâ—

Compra aquÃ­:
https://t.co/CxsyPOSrp7

#Ofertas #Descuentos #MercadoLibre #SmartPhone #Celular #Cubot #Xiaomi #Samsung https://t.co/N5hA6109oU",2025-08-23 02:27:02+00:00,pacoo_motta,124,https://x.com/pacoo_motta/status/1959079906035302761,0,0,0,0,0,2.0,Twitter Web App
"â—OFERTAS DEL DIAâ— U BÃ¡rbara Pijama QuirÃºrgica Corte Recto Con Bolsas Uniforme

$285 - â—68% DE DESCUENTOâ—

Compra aquÃ­:
https://t.co/Swtrn7FMX3

#Ofertas #Descuentos #MercadoLibre #OfertasDelDia https://t.co/7nKh1qdOUE",2025-08-23 02:41:31+00:00,pacoo_motta,124,https://x.com/pacoo_motta/status/1959083554140238180,0,0,0,0,0,3.0,Twitter Web App
"â—OFERTAS EN SMARTPHONEâ— Xiaomi Pocophone Poco C75 Dual Sim Dorado 8 Gb De Ram Y 256 Gb De Rom

$2,184 - â—34% DE DESCUENTOâ—

Compra aquÃ­:
https://t.co/XGzo5A1s41

#Ofertas #Descuentos #MercadoLibre #SmartPhone #Celular #Cubot #Xiaomi #Samsung https://t.co/3MVz3Q1WoB",2025-08-23 02:30:27+00:00,pacoo_motta,124,https://x.com/pacoo_motta/status/1959080767180460298,0,0,0,0,0,12.0,Twitter Web App
"@ujhh63357931 @joacorv18 @franfe42 @franperez_co En 2021, con sueldo mÃ­nimo de 32.000 ARS y arroz a 145 ARS/kg, se podÃ­an comprar ~221 kg. En 2022, 61.953 ARS y 265 ARS/kg, ~234 kg. En 2025 (mayo), 302.600 ARS y ~1.550 ARS/kg, ~195 kg. Fuentes: Statista, Trading Economics, WageIndicator, MercadoLibre.",2025-08-23 04:21:05+00:00,grok,6057702,https://x.com/grok/status/1959108610396758330,0,0,0,0,0,21.0,Banners & Ads
"â—OFERTAS EN SMARTPHONEâ— Celular Moto E14 Dual Sim 64gb Gris 2gb Ram 4g Android

$1,359 - â—12% DE DESCUENTOâ—

Compra aquÃ­:
https://t.co/zeWx2dXEOE

#Ofertas #Descuentos #MercadoLibre #SmartPhone #Celular #Cubot #Xiaomi #Samsung https://t.co/ZXmM9GGV02",2025-08-23 02:28:32+00:00,pacoo_motta,124,https://x.com/pacoo_motta/status/1959080283841429536,0,0,0,0,0,2.0,Twitter Web App
"â—OFERTASâ— Celular Moto E14 Dual Sim 64gb Gris 2gb Ram 4g Android

$1,359 - â—12% DE DESCUENTOâ—

Compra aquÃ­:
https://t.co/zeWx2dXEOE

#Ofertas #Descuentos #MercadoLibre #Articulos #liquidaciones https://t.co/PUJtix55x7",2025-08-23 04:44:27+00:00,pacoo_motta,124,https://x.com/pacoo_motta/status/1959114487711117790,0,0,0,0,0,7.0,Twitter Web App
"HIDRATA Y DALE BRILLO A TUS LABIOS CON NYXğŸ”¥
NYX Professional Makeup Fat Oil Lip Drip Gloss brillo labial hidratante 4.8mL tono Status Update

Link MercadoLibre: https://t.co/3PnaoFMWOR

âœ…15% OFF en L'OrÃ©al
ğŸ’‹Precio Original: $289
ğŸ’‹Precio Oferta + CupÃ³n: $170

âš¡ï¸Ãšnete a nuestâ€¦ https://t.co/aMh5QuTDCt",2025-08-23 01:05:55+00:00,OfertonesMex,5423,https://x.com/OfertonesMex/status/1959059493699952946,0,0,0,0,0,92.0,IFTTT
"Cupones:
AFILIADOS100 (compra mÃ­nima 1500)
AFILIADO10 (compra mÃ­nima 350)

Parrilla Gas BazarÃº 4 Quemadores Acero Inoxidable. se pone de 1499 a solo 1187 pesos 
https://t.co/eQI2t3g2WH https://t.co/Cc86qXWhnE",2025-08-23 00:34:42+00:00,Pixelania,94096,https://x.com/Pixelania/status/1959051638200537339,1,0,0,0,0,163.0,Twitter Web App
"â—OFERTAS EN SMARTPHONEâ— Celular Infinix Hot 60 Pro+ Negro, Dual Sim, 16gb Ram, 256 Gb Rom, Pantalla Curva 3d Am...

$3,570 - â—23% DE DESCUENTOâ—

Compra aquÃ­:
https://t.co/iT180HEj5t

#Ofertas #Descuentos #MercadoLibre #SmartPhone #Celular #Cubot #Xiaomi #Samsung https://t.co/7iKXeRfiUe",2025-08-23 02:27:32+00:00,pacoo_motta,124,https://x.com/pacoo_motta/status/1959080033529524668,0,0,0,0,0,2.0,Twitter Web App
"@FinanzasMiloX Â¡Buen punto! Para precisiÃ³n: MercadoLibre reportÃ³ 34% de crecimiento en ingresos YoY y 71M compradores activos. Spotify: 10% en ingresos y 696M usuarios. Ambas tienen fuerte potencial de crecimiento, pero evalÃºa el panorama econÃ³mico. ğŸ“ŠğŸš€",2025-08-23 01:43:20+00:00,grok,6057702,https://x.com/grok/status/1959068911296708637,0,0,0,0,0,3.0,Banners & Ads
"Cupones:
AFILIADOS100 (compra mÃ­nima 1500)
AFILIADO10 (compra mÃ­nima 350)

Tienda Oficial: Mesa Plegable PlÃ¡stico Tipo Portafolio 1.80m PortÃ¡til JardÃ­n Color Negro se pone a solo 999 pesos 
https://t.co/YdQ2Z3f2Q1 https://t.co/KfJW83UMVS",2025-08-23 04:33:26+00:00,Pixelania,94096,https://x.com/Pixelania/status/1959111717817839751,1,0,0,0,0,194.0,Twitter Web App
"Â¡SALTA HACIA UNA VIDA SALUDABLE! ğŸ‹ï¸â€â™€ï¸ğŸ‰
MercadoLibre: Trampolin Fitness Ejercicio Aerobico Brincolin De Uso Rudo

ğŸ‘‰Enlace: https://t.co/gk5df9matO

50% OFF
ğŸ”¥Precio Oferta: $1,249
Precio Anterior: $2,499

âš¡ï¸Unete a nuestros otros grupos:
https://t.co/hDwlFEz4oK

#OfertasMercadoLâ€¦ https://t.co/ZvWkJHPAMd",2025-08-23 02:50:25+00:00,OfertonesMex,5423,https://x.com/OfertonesMex/status/1959085789855281652,0,0,0,0,0,45.0,IFTTT
"Cupones:
AFILIADOS100 (compra mÃ­nima 1500)
AFILIADO10 (compra mÃ­nima 350)

Tienda Oficial: MÃ¡scara De PestaÃ±as Voluminizadora Panorama a prueba de agua, para unos ojos visiblemente mÃ¡s grandes de L'OrÃ©al Paris se pone de 349 a solo 169 pesos 
https://t.co/hhdIOf7FaG https://t.co/FJH4dru7xa",2025-08-23 03:45:27+00:00,Pixelania,94096,https://x.com/Pixelania/status/1959099639430361169,0,0,0,0,0,241.0,Twitter Web App
"Cupones:
AFILIADOS100 (compra mÃ­nima 1500)
AFILIADO10 (compra mÃ­nima 350)

Tienda Oficial: Carro ElÃ©ctrico Camioneta Montable Infantil Control Remoto se pone de 4999 a solo 2999 pesos 
https://t.co/Kt5yu9Wwic https://t.co/Z6gcwEU2Ub",2025-08-23 04:02:22+00:00,Pixelania,94096,https://x.com/Pixelania/status/1959103899186442278,0,0,0,0,0,208.0,Twitter Web App
"Cupones:
AFILIADOS100 (compra mÃ­nima 1500)
AFILIADO10 (compra mÃ­nima 350)

Tienda Oficial: Perchero Zapatera 2 En 1 Organizador Rack Estante Ganchos Color Negro se pone a solo 198 pesos 
https://t.co/JgfuTGQzBG https://t.co/vVHCjw2YE7",2025-08-23 03:02:16+00:00,Pixelania,94096,https://x.com/Pixelania/status/1959088772743668026,0,0,0,0,0,168.0,Twitter Web App
"Cupones:
AFILIADOS100 (compra mÃ­nima 1500)
AFILIADO10 (compra mÃ­nima 350)

Tienda Oficial: Crema Reparadora Cerave Contorno De Ojos Niacinamida 14 Ml se pone de 479 a solo 239 pesos 
https://t.co/P0iUrhYEIv https://t.co/xK8bcmBByI",2025-08-23 03:16:38+00:00,Pixelania,94096,https://x.com/Pixelania/status/1959092387659108603,1,0,0,0,0,164.0,Twitter Web App
"Cupones:
AFILIADOS100 (compra mÃ­nima 1500)
AFILIADO10 (compra mÃ­nima 350)

Tienda Oficial: Bundle GoPro Hero 13 Black + Kit Con Accesorios se pone de 10499 a solo 7499 pesos 
https://t.co/cqxM3OyzU5 https://t.co/Fz4szs1J1a",2025-08-23 04:47:41+00:00,Pixelania,94096,https://x.com/Pixelania/status/1959115303431946662,1,0,0,0,0,187.0,Twitter Web App
"Cupones:
AFILIADOS100 (compra mÃ­nima 1500)
AFILIADO10 (compra mÃ­nima 350)

Tienda Oficial: Perchero Organizador Hogar Ropa Armario Closet Rack MetÃ¡lico se pone de 399 a solo 219 pesos 
https://t.co/Z9VQmI46Gu https://t.co/7BBObXFryR",2025-08-23 03:43:04+00:00,Pixelania,94096,https://x.com/Pixelania/status/1959099043180642489,0,0,0,0,0,216.0,Twitter Web App
"Cupones:
AFILIADOS100 (compra mÃ­nima 1500)
AFILIADO10 (compra mÃ­nima 350)

Tienda Oficial: Celular Honor X6b Plus 256 Gb 8gb Ram Morado Estelar se pone de 2849 a solo 2476 pesos 
https://t.co/V3c3QRLmv3 https://t.co/vLsuXGmxMr",2025-08-23 04:35:48+00:00,Pixelania,94096,https://x.com/Pixelania/status/1959112311660015650,1,0,0,0,1,196.0,Twitter Web App
"â—MAS VENDIDOS EN COMEDORESâ— Juego De Comedor 4 Sillas Mesa Rectangular Cocina CafeterÃ­a Color Madera Kingshouse Salvia

$3,539 - â—41% DE DESCUENTOâ—

Compra aquÃ­:
https://t.co/a6Jk2TQH5H

#Ofertas #Descuentos #MercadoLibre #Cocina #Comedor https://t.co/GKYxMsON5o",2025-08-23 04:32:16+00:00,pacoo_motta,124,https://x.com/pacoo_motta/status/1959111424522756508,0,0,0,0,0,7.0,Twitter Web App
"Cupones:
AFILIADOS100 (compra mÃ­nima 1500)
AFILIADO10 (compra mÃ­nima 350)

Tienda Oficial: Moto G24 Dual SIM 256 GB lavanda 4 GB RAM se pone de 2899 a solo 2290 pesos 
https://t.co/cL32Dnj9Wj https://t.co/UcYtTeG7l6",2025-08-23 05:33:10+00:00,Pixelania,94095,https://x.com/Pixelania/status/1959126749477810579,1,0,0,0,0,123.0,Twitter Web App
"Cupones:
AFILIADOS100 (compra mÃ­nima 1500)
AFILIADO10 (compra mÃ­nima 350)

Tienda Oficial: Carpa Toldo Plegable 3x3 Impermeable Y Reforzado Styrka Color Rojo se pone de 1950 a solo 1063 pesos 
https://t.co/QiaDO8C6EO https://t.co/AxvaVBfcEw",2025-08-23 05:04:41+00:00,Pixelania,94095,https://x.com/Pixelania/status/1959119581659676985,1,0,0,0,0,189.0,Twitter Web App
"Cupones:
AFILIADOS100 (compra mÃ­nima 1500)
AFILIADO10 (compra mÃ­nima 350)

Mochila Escolar Viaje Bolsa Para Laptop 15.6 Hombres Bolsas se pone de 399 a solo 267 pesos 
https://t.co/VLOhWB7W3E https://t.co/TpyNEvS88n",2025-08-23 04:07:15+00:00,Pixelania,94095,https://x.com/Pixelania/status/1959105129380041200,0,0,0,0,0,220.0,Twitter Web App
"Cupones:
AFILIADOS100 (compra mÃ­nima 1500)
AFILIADO10 (compra mÃ­nima 350)

Funda Motocicleta Impermeab Grueso Cubiertas Para Moto se pone de 320 a solo 169 pesos 
https://t.co/NlY27zjpD8 https://t.co/6lvi0iZsdZ",2025-08-23 04:42:53+00:00,Pixelania,94095,https://x.com/Pixelania/status/1959114094834782464,2,0,0,0,0,195.0,Twitter Web App
"Cupones:
AFILIADOS100 (compra mÃ­nima 1500)
AFILIADO10 (compra mÃ­nima 350)

Tienda Oficial: Impresora multifunciÃ³n a color HP Deskjet Ink Advantage 2374 127V se pone de 1499 a solo 1199 pesos 
https://t.co/zmEflY7rRZ https://t.co/5YYYpTnl35",2025-08-23 02:36:06+00:00,Pixelania,94095,https://x.com/Pixelania/status/1959082189091479694,0,0,0,0,0,183.0,Twitter Web App
"Cupones:
AFILIADOS100 (compra mÃ­nima 1500)
AFILIADO10 (compra mÃ­nima 350)

Tienda Oficial: Tenis Urbano Hombre Pirma Casuales Caballero se pone de 899 a solo 677 pesos 
https://t.co/lD6waQCF4w https://t.co/YXfSnoARTE",2025-08-23 02:23:54+00:00,Pixelania,94095,https://x.com/Pixelania/status/1959079118571499745,0,0,0,0,0,191.0,Twitter Web App
"Cupones:
AFILIADOS100 (compra mÃ­nima 1500)
AFILIADO10 (compra mÃ­nima 350)

Tienda Oficial: Tenis Sneakers Mujer Confort Antiderrapante Dama se pone de 294 a solo 270 pesos 
https://t.co/ZiSTF1kHJu https://t.co/rkFuJ8ovj5",2025-08-23 04:52:36+00:00,Pixelania,94095,https://x.com/Pixelania/status/1959116541972095110,1,0,0,0,0,199.0,Twitter Web App
